"employment_summary_put_code","employment_summary_department_name","employment_summary_role_title","employment_summary_end_date","employment_summary_url","employment_summary_external_ids","employment_summary_display_index","employment_summary_visibility","employment_summary_path","employment_summary_created_date_value","employment_summary_last_modified_date_value","employment_summary_source_source_client_id","employment_summary_source_assertion_origin_orcid","employment_summary_source_assertion_origin_client_id","employment_summary_source_assertion_origin_name","employment_summary_source_source_orcid_uri","employment_summary_source_source_orcid_path","employment_summary_source_source_orcid_host","employment_summary_source_source_name_value","employment_summary_start_date_year_value","employment_summary_start_date_month_value","employment_summary_start_date_day_value","employment_summary_organization_name","employment_summary_organization_address_city","employment_summary_organization_address_region","employment_summary_organization_address_country","employment_summary_organization_disambiguated_organization_disambiguated_organization_identifier","employment_summary_organization_disambiguated_organization_disambiguation_source","employment_summary_start_date","employment_summary_source_source_orcid","employment_summary_source_source_client_id_uri","employment_summary_source_source_client_id_path","employment_summary_source_source_client_id_host","employment_summary_end_date_year_value","employment_summary_end_date_month_value","employment_summary_end_date_day_value","employment_summary_start_date_day","employment_summary_end_date_day","employment_summary_organization_disambiguated_organization","employment_summary_url_value","employment_summary_start_date_month","employment_summary_end_date_month","ORCID"
17184581,"Business and Law","Senior Lecturer",NA,NA,NA,"1","public","/0000-0001-5893-2546/employment/17184581",2022-03-08,2022-03-08,NA,NA,NA,NA,"https://orcid.org/0000-0001-5893-2546","0000-0001-5893-2546","orcid.org","Lesley-Ann Gunton","2022","03","07","University of Sunderland","Sunderland","Tyne and Wear","GB","7735","RINGGOLD",NA,NA,NA,NA,NA,NA,NA,NA,NA,NA,NA,NA,NA,NA,"0000-0001-5893-2546"
17168273,NA,NA,NA,NA,NA,"0","public","/0000-0001-5893-2546/employment/17168273",2022-03-05,2022-03-05,NA,NA,NA,NA,NA,NA,NA,"Northumbria University",NA,NA,NA,"Northumbria University","N/A",NA,"GB","5995","RINGGOLD",NA,NA,"https://orcid.org/client/APP-MNH3Q20DZSNZELHV","APP-MNH3Q20DZSNZELHV","orcid.org","2022","03","04",NA,NA,NA,NA,NA,NA,"0000-0001-5893-2546"
5790356,"Psychology","Assistant Professor",NA,NA,NA,"0","public","/0000-0002-1692-0413/employment/5790356",2018-05-07,2018-05-07,NA,NA,NA,NA,"https://orcid.org/0000-0002-1692-0413","0000-0002-1692-0413","orcid.org","Anthony Krafnick","2018","01","01","Dominican University","River Forest","IL","US","6903","RINGGOLD",NA,NA,NA,NA,NA,NA,NA,NA,NA,NA,NA,NA,NA,NA,"0000-0002-1692-0413"
5790351,"Psychology","Lecturer",NA,NA,NA,"0","public","/0000-0002-1692-0413/employment/5790351",2018-05-07,2018-05-07,NA,NA,NA,NA,"https://orcid.org/0000-0002-1692-0413","0000-0002-1692-0413","orcid.org","Anthony Krafnick","2016","08",NA,"California State University Channel Islands","Camarillo","CA","US","14703","RINGGOLD",NA,NA,NA,NA,NA,"2017","12",NA,NA,NA,NA,NA,NA,NA,"0000-0002-1692-0413"
1366337,"USC Mark and Mary Stevens Neuroimaging and Informatics Institute","Postdoctoral Scholar/Research Associate",NA,NA,NA,"0","public","/0000-0002-1692-0413/employment/1366337",2015-11-24,2018-05-07,NA,NA,NA,NA,"https://orcid.org/0000-0002-1692-0413","0000-0002-1692-0413","orcid.org","Anthony Krafnick","2014","04",NA,"University of Southern California","Los Angeles","CA","US","5116","RINGGOLD",NA,NA,NA,NA,NA,"2016","04",NA,NA,NA,NA,NA,NA,NA,"0000-0002-1692-0413"
1366335,"Pediatrics","Post Doctoral Fellow",NA,NA,NA,"0","public","/0000-0002-1692-0413/employment/1366335",2015-11-24,2015-11-24,NA,NA,NA,NA,"https://orcid.org/0000-0002-1692-0413","0000-0002-1692-0413","orcid.org","Anthony Krafnick","2013","05",NA,"Georgetown University","Washington","DC","US","8368","RINGGOLD",NA,NA,NA,NA,NA,"2014","04",NA,NA,NA,NA,NA,NA,NA,"0000-0002-1692-0413"
6835716,"Institute of Psychology",NA,NA,NA,NA,"1","public","/0000-0002-2539-7011/employment/6835716",2018-11-21,2018-11-21,NA,NA,NA,NA,"https://orcid.org/0000-0002-2539-7011","0000-0002-2539-7011","orcid.org","Julia Beitner","2018","10",NA,"Goethe University Frankfurt","Frankfurt am Main","Hessen","DE","grid.7839.5","GRID",NA,NA,NA,NA,NA,NA,NA,NA,NA,NA,NA,NA,NA,NA,"0000-0002-2539-7011"
8968688,"Faculty of Management","Assistant Professor",NA,NA,NA,"1","public","/0000-0002-6060-4549/employment/8968688",2019-10-24,2019-10-24,NA,NA,NA,NA,"https://orcid.org/0000-0002-6060-4549","0000-0002-6060-4549","orcid.org","Anna O. Kuzminska","2016","10","01","University of Warsaw","Warsaw",NA,"PL",NA,NA,NA,NA,NA,NA,NA,NA,NA,NA,NA,NA,NA,NA,NA,NA,"0000-0002-6060-4549"
625442,NA,NA,NA,NA,NA,"0","public","/0000-0002-7981-1177/employment/625442",2014-12-17,2014-12-17,NA,NA,NA,NA,"https://orcid.org/0000-0002-7981-1177","0000-0002-7981-1177","orcid.org","Elkin Luis Garcia",NA,NA,NA,"Centro de Investigacion Medicale Aplicada, Universidad de Navarra","Pamplona",NA,"ES","http://dx.doi.org/10.13039/501100002832","FUNDREF",NA,NA,NA,NA,NA,NA,NA,NA,NA,NA,NA,NA,NA,NA,"0000-0002-7981-1177"
625438,NA,NA,NA,NA,NA,"0","public","/0000-0002-7981-1177/employment/625438",2014-12-17,2014-12-17,NA,NA,NA,NA,"https://orcid.org/0000-0002-7981-1177","0000-0002-7981-1177","orcid.org","Elkin Luis Garcia",NA,NA,NA,"Universidad de Navarra","Pamplona","Navarra","ES","16754","RINGGOLD",NA,NA,NA,NA,NA,NA,NA,NA,NA,NA,NA,NA,NA,NA,"0000-0002-7981-1177"
1469510,"school of the psychology  ",NA,NA,NA,NA,"0","public","/0000-0002-7981-1177/employment/1469510",2016-01-13,2016-01-13,NA,NA,NA,NA,"https://orcid.org/0000-0002-7981-1177","0000-0002-7981-1177","orcid.org","Elkin Luis Garcia","2015","08",NA,"Universidad de Navarra","Pamplona","Navarra","ES","16754","RINGGOLD",NA,NA,NA,NA,NA,NA,NA,NA,NA,NA,NA,NA,NA,NA,"0000-0002-7981-1177"
15629663,"DIPARTIMENTO DI PSICOLOGIA","Assegnisti",NA,NA,NA,"0","public","/0000-0003-0402-4969/employment/15629663",2021-08-25,2021-12-14,NA,NA,NA,NA,NA,NA,NA,"Sapienza Università di Roma - IRIS","2020","12","01","Universita` degli Studi di ROMA ""La Sapienza""","Roma","Lazio","IT",NA,NA,NA,NA,"https://orcid.org/client/APP-ZOHYRM4L1ZOCN5RS","APP-ZOHYRM4L1ZOCN5RS","orcid.org","2022","11","29",NA,NA,NA,NA,NA,NA,"0000-0003-0402-4969"
15629662,"DIPARTIMENTO DI PSICOLOGIA","Borsisti",NA,NA,NA,"0","public","/0000-0003-0402-4969/employment/15629662",2021-08-25,2021-08-25,NA,NA,NA,NA,NA,NA,NA,"Sapienza Università di Roma - IRIS","2020","02","01","Universita` degli Studi di ROMA ""La Sapienza""","Roma","Lazio","IT",NA,NA,NA,NA,"https://orcid.org/client/APP-ZOHYRM4L1ZOCN5RS","APP-ZOHYRM4L1ZOCN5RS","orcid.org","2020","07","30",NA,NA,NA,NA,NA,NA,"0000-0003-0402-4969"
938057,"Psychology","Research Associate",NA,NA,NA,"1","public","/0000-0003-1629-3699/employment/938057",2015-05-28,2019-10-20,NA,NA,NA,NA,"https://orcid.org/0000-0003-1629-3699","0000-0003-1629-3699","orcid.org","Ljiljana Lazarevic","2010","08","01","Institute of psychology and Laboratory for research of Individual differences, Faculty of Philosophy","Belgrade",NA,"RS",NA,NA,NA,NA,NA,NA,NA,NA,NA,NA,NA,NA,NA,NA,NA,NA,"0000-0003-1629-3699"
6487479,NA,"Proffessor, researcher, Director of the Ing. Ecosystem, assessor of a scientific journal.",NA,NA,NA,"1","public","/0000-0002-8267-9816/employment/6487479",2018-09-25,2019-12-10,NA,NA,NA,NA,"https://orcid.org/0000-0002-8267-9816","0000-0002-8267-9816","orcid.org","Sara Álvarez Solas","2014","09","22","Universidad Regional Amazónica IKIAM","Tena",NA,"EC","438347","RINGGOLD",NA,NA,NA,NA,NA,NA,NA,NA,NA,NA,NA,"http://ikiam.edu.ec/admisiones-carreras/ingenier%C3%ADa-en-ecosistemas",NA,NA,"0000-0002-8267-9816"
6487472,NA,"Temporal proffesor and tutor of several students in their masther thesis",NA,NA,NA,"1","public","/0000-0002-8267-9816/employment/6487472",2018-09-25,2018-09-25,NA,NA,NA,NA,"https://orcid.org/0000-0002-8267-9816","0000-0002-8267-9816","orcid.org","Sara Álvarez Solas","2014","04","01","Universitat de Girona","Girona","Catalunya","ES","16738","RINGGOLD",NA,NA,NA,NA,NA,NA,NA,NA,NA,NA,NA,NA,NA,NA,"0000-0002-8267-9816"
6487448,NA,"Researcher",NA,NA,NA,"1","public","/0000-0002-8267-9816/employment/6487448",2018-09-25,2018-09-25,NA,NA,NA,NA,"https://orcid.org/0000-0002-8267-9816","0000-0002-8267-9816","orcid.org","Sara Álvarez Solas","2010","01","01","Universidad Complutense de Madrid","Madrid","Comunidad de Madrid","ES","16734","RINGGOLD",NA,NA,NA,NA,NA,"2014","09","15",NA,NA,NA,NA,NA,NA,"0000-0002-8267-9816"
6487453,NA,"Proffessor",NA,NA,NA,"1","public","/0000-0002-8267-9816/employment/6487453",2018-09-25,2019-12-10,NA,NA,NA,NA,"https://orcid.org/0000-0002-8267-9816","0000-0002-8267-9816","orcid.org","Sara Álvarez Solas","2013","12","02","Universidad Internacional De La Rioja","Logroño",NA,"ES","grid.13825.3d","GRID",NA,NA,NA,NA,NA,"2014","07","31",NA,NA,NA,NA,NA,NA,"0000-0002-8267-9816"
6487446,NA,"Researcher",NA,NA,NA,"1","public","/0000-0002-8267-9816/employment/6487446",2018-09-25,2018-09-25,NA,NA,NA,NA,"https://orcid.org/0000-0002-8267-9816","0000-0002-8267-9816","orcid.org","Sara Álvarez Solas","2010","07","12","Fundación Proyecto Primates","Yasuni","Pichincha","EC",NA,NA,NA,NA,NA,NA,NA,"2013","03","10",NA,NA,NA,NA,NA,NA,"0000-0002-8267-9816"
6487434,NA,"Educator",NA,NA,NA,"1","public","/0000-0002-8267-9816/employment/6487434",2018-09-25,2018-09-25,NA,NA,NA,NA,"https://orcid.org/0000-0002-8267-9816","0000-0002-8267-9816","orcid.org","Sara Álvarez Solas","2010","01","13","INATUR (Centro de Educación Ambiental El Campillo)","Madrid",NA,"ES",NA,NA,NA,NA,NA,NA,NA,"2010","07","31",NA,NA,NA,NA,NA,NA,"0000-0002-8267-9816"
6486196,"Psicobiología","Researcher",NA,NA,NA,"1","public","/0000-0002-8267-9816/employment/6486196",2018-09-25,2018-09-25,NA,NA,NA,NA,"https://orcid.org/0000-0002-8267-9816","0000-0002-8267-9816","orcid.org","Sara Álvarez Solas","2007","10","23","Universidad Complutense de Madrid","Madrid","Comunidad de Madrid","ES","16734","RINGGOLD",NA,NA,NA,NA,NA,"2009","12","31",NA,NA,NA,NA,NA,NA,"0000-0002-8267-9816"
6486219,NA,"Environment educator (monitor)",NA,NA,NA,"1","public","/0000-0002-8267-9816/employment/6486219",2018-09-25,2018-09-25,NA,NA,NA,NA,"https://orcid.org/0000-0002-8267-9816","0000-0002-8267-9816","orcid.org","Sara Álvarez Solas","2006","06",NA,"Parque Biológico de Madrid","Madrid",NA,"ES","202573","RINGGOLD",NA,NA,NA,NA,NA,"2006","10","14",NA,NA,NA,NA,NA,NA,"0000-0002-8267-9816"
5752205,"School of Psychology","Lecturer",NA,NA,NA,"0","public","/0000-0001-7295-8021/employment/5752205",2018-04-28,2018-04-28,NA,NA,NA,NA,"https://orcid.org/0000-0001-7295-8021","0000-0001-7295-8021","orcid.org","Rachel A. Searston","2018","05","21","The University of Adelaide","Adelaide","South Australia","AU",NA,NA,NA,NA,NA,NA,NA,NA,NA,NA,NA,NA,NA,NA,NA,NA,"0000-0001-7295-8021"
3155150,"Centre for the Study of Higher Education","McKenzie Postdoctoral Research Fellow",NA,NA,NA,"0","public","/0000-0001-7295-8021/employment/3155150",2017-02-08,2017-02-08,NA,NA,NA,NA,"https://orcid.org/0000-0001-7295-8021","0000-0001-7295-8021","orcid.org","Rachel A. Searston","2017","01",NA,"University of Melbourne","Melbourne","VIC","AU","2281","RINGGOLD",NA,NA,NA,NA,NA,NA,NA,NA,NA,NA,NA,NA,NA,NA,"0000-0001-7295-8021"
2177701,"School of Psychology","Postdoctoral Research Fellow",NA,NA,NA,"1","public","/0000-0001-7295-8021/employment/2177701",2016-08-26,2018-10-03,NA,NA,NA,NA,"https://orcid.org/0000-0001-7295-8021","0000-0001-7295-8021","orcid.org","Rachel A. Searston","2016","01","01","The University of Queensland","Brisbane","QLD","AU","1974","RINGGOLD",NA,NA,NA,NA,NA,"2017","01",NA,NA,NA,NA,NA,NA,NA,"0000-0001-7295-8021"
8397755,"School of Psychology","Senior Lecturer",NA,NA,NA,"1","public","/0000-0003-0443-3412/employment/8397755",2019-08-05,2019-08-21,NA,NA,NA,NA,"https://orcid.org/0000-0003-0443-3412","0000-0003-0443-3412","orcid.org","Clare AM Sutherland","2019","08","01","University of Aberdeen","Aberdeen","Scotland","GB","1019","RINGGOLD",NA,NA,NA,NA,NA,NA,NA,NA,NA,NA,NA,"https://abdn.pure.elsevier.com/en/persons/clare-ann-marie-sutherland",NA,NA,"0000-0003-0443-3412"
1466309,"School of Psychology","Research Fellow",NA,NA,NA,"1","public","/0000-0003-0443-3412/employment/1466309",2016-01-12,2019-08-05,NA,NA,NA,NA,"https://orcid.org/0000-0003-0443-3412","0000-0003-0443-3412","orcid.org","Clare AM Sutherland","2015","06","15","University of Western Australia","Perth","WA","AU",NA,NA,NA,NA,NA,NA,NA,"2019","07","31",NA,NA,NA,NA,NA,NA,"0000-0003-0443-3412"
10993178,NA,"Evaluation specialist",NA,NA,NA,"1","public","/0000-0001-6618-9887/employment/10993178",2020-05-14,2020-05-14,NA,NA,NA,NA,"https://orcid.org/0000-0001-6618-9887","0000-0001-6618-9887","orcid.org","Barbora Hubena","2020",NA,NA,"Ministerstvo zdravotnictví České republiky","Praha",NA,"CZ",NA,NA,NA,NA,NA,NA,NA,NA,NA,NA,NA,NA,NA,NA,NA,NA,"0000-0001-6618-9887"
10993429,"Destigmatizace, MERRPS","Researcher",NA,NA,NA,"1","public","/0000-0001-6618-9887/employment/10993429",2020-05-14,2020-05-14,NA,NA,NA,NA,"https://orcid.org/0000-0001-6618-9887","0000-0001-6618-9887","orcid.org","Barbora Hubena","2018",NA,NA,"Národní ústav duševního zdraví","Praha",NA,"CZ",NA,NA,NA,NA,NA,NA,NA,"2019",NA,NA,NA,NA,NA,NA,NA,NA,"0000-0001-6618-9887"
4394400,"Coordination of distance education","Full time professor",NA,NA,NA,"1","public","/0000-0002-3527-1500/employment/4394400",2017-08-02,2022-03-14,NA,NA,NA,NA,"https://orcid.org/0000-0002-3527-1500","0000-0002-3527-1500","orcid.org","ANABEL DE LA ROSA GOMEZ","2015","03","01","Universidad Nacional Autónoma de México Facultad de Estudios Superiores Iztacala","Tlalnepantla","Mexico","MX","42634","RINGGOLD",NA,NA,NA,NA,NA,NA,NA,NA,NA,NA,NA,NA,NA,NA,"0000-0002-3527-1500"
7305872,"psychology","Professor",NA,NA,NA,"1","public","/0000-0002-5211-5278/employment/7305872",2019-02-13,2019-02-13,NA,NA,NA,NA,"https://orcid.org/0000-0002-5211-5278","0000-0002-5211-5278","orcid.org","Edward Awh","2015","07","01","University of Chicago","Chicago","IL","US",NA,NA,NA,NA,NA,NA,NA,NA,NA,NA,NA,NA,NA,"https://awhvogellab.com/",NA,NA,"0000-0002-5211-5278"
11519236,NA,NA,NA,NA,NA,"0","public","/0000-0003-1655-2013/employment/11519236",2020-05-27,2020-05-27,NA,NA,NA,NA,NA,NA,NA,"University of Bristol - PURE",NA,NA,NA,"University of Bristol","Bristol",NA,"GB","1980","RINGGOLD",NA,NA,"https://orcid.org/client/APP-4HQZN5O76K3LZ0U4","APP-4HQZN5O76K3LZ0U4","orcid.org",NA,NA,NA,NA,NA,NA,NA,NA,NA,"0000-0003-1655-2013"
7740162,NA,NA,NA,NA,NA,"0","public","/0000-0003-1655-2013/employment/7740162",2019-04-20,2019-10-15,NA,NA,NA,NA,NA,NA,NA,"University of Western Australia",NA,NA,NA,"The University of Western Australia","Perth",NA,"AU","2720","RINGGOLD",NA,NA,"https://orcid.org/client/APP-IW5Q469BTAGREJ7K","APP-IW5Q469BTAGREJ7K","orcid.org",NA,NA,NA,NA,NA,NA,NA,NA,NA,"0000-0003-1655-2013"
6511374,"School of Psychological Science","Professor",NA,NA,NA,"1","public","/0000-0003-1655-2013/employment/6511374",2018-09-30,2018-09-30,NA,NA,NA,NA,"https://orcid.org/0000-0003-1655-2013","0000-0003-1655-2013","orcid.org","Stephan Lewandowsky","2013","04","01","University of Bristol","Bristol","Bristol","GB","1980","RINGGOLD",NA,NA,NA,NA,NA,NA,NA,NA,NA,NA,NA,"http://www.cogsciwa.com",NA,NA,"0000-0003-1655-2013"
13680953,NA,NA,NA,NA,NA,"1","public","/0000-0001-5872-8924/employment/13680953",2021-01-08,2021-01-08,NA,NA,NA,NA,"https://orcid.org/0000-0001-5872-8924","0000-0001-5872-8924","orcid.org","Guiomar Niso","2021","01","01","Indiana University","Bloomington","Indiana","US","grid.257410.5","GRID",NA,NA,NA,NA,NA,NA,NA,NA,NA,NA,NA,NA,NA,NA,"0000-0001-5872-8924"
9054323,NA,"AXA Postdoctoral fellow",NA,NA,NA,"1","public","/0000-0001-5872-8924/employment/9054323",2019-11-05,2021-01-08,NA,NA,NA,NA,"https://orcid.org/0000-0001-5872-8924","0000-0001-5872-8924","orcid.org","Guiomar Niso","2017",NA,NA,"Universidad Politécnica de Madrid (UPM)","Madrid","Madrid","ES",NA,NA,NA,NA,NA,NA,NA,"2019",NA,NA,NA,NA,NA,NA,NA,NA,"0000-0001-5872-8924"
9054310,"Montreal Neurological Institute","Postdoctoral fellow",NA,NA,NA,"1","public","/0000-0001-5872-8924/employment/9054310",2019-11-05,2019-11-05,NA,NA,NA,NA,"https://orcid.org/0000-0001-5872-8924","0000-0001-5872-8924","orcid.org","Guiomar Niso","2013",NA,NA,"McGill University","Montreal","QC","CA",NA,NA,NA,NA,NA,NA,NA,"2016",NA,NA,NA,NA,NA,NA,NA,NA,"0000-0001-5872-8924"
13674050,"Donders Centre for Cognitive Neuroimaging","Postdoc",NA,NA,NA,"1","public","/0000-0002-0475-6927/employment/13674050",2021-01-08,2021-01-08,NA,NA,NA,NA,"https://orcid.org/0000-0002-0475-6927","0000-0002-0475-6927","orcid.org","Christoph Huber-Huber","2020",NA,NA,"Radboud Universiteit Donders Institute for Brain Cognition and Behaviour","Nijmegen","Gelderland","NL","198328","RINGGOLD",NA,NA,NA,NA,NA,NA,NA,NA,NA,NA,NA,NA,NA,NA,"0000-0002-0475-6927"
6417540,"CIMeC - Center for Mind/Brain Sciences","Postdoc",NA,NA,NA,"1","public","/0000-0002-0475-6927/employment/6417540",2018-09-12,2021-01-08,NA,NA,NA,NA,"https://orcid.org/0000-0002-0475-6927","0000-0002-0475-6927","orcid.org","Christoph Huber-Huber","2017",NA,NA,"University of Trento","Rovereto","TN","IT",NA,NA,NA,NA,NA,NA,NA,"2019",NA,NA,NA,NA,NA,NA,NA,NA,"0000-0002-0475-6927"
6417528,"Department of Basic Psychological Research and Research Methods","PhD",NA,NA,NA,"1","public","/0000-0002-0475-6927/employment/6417528",2018-09-12,2018-09-12,NA,NA,NA,NA,"https://orcid.org/0000-0002-0475-6927","0000-0002-0475-6927","orcid.org","Christoph Huber-Huber","2012",NA,NA,"University of Vienna","Vienna",NA,"AT",NA,NA,NA,NA,NA,NA,NA,"2016",NA,NA,NA,NA,NA,NA,NA,NA,"0000-0002-0475-6927"
9270021,"Institute of Cognitive Neuroscience","Junior Research Fellow",NA,NA,NA,"1","public","/0000-0002-4606-4179/employment/9270021",2019-12-03,2019-12-03,NA,NA,NA,NA,"https://orcid.org/0000-0002-4606-4179","0000-0002-4606-4179","orcid.org","Evgenii Kalenkovich","2018","07","01","HSE University","Moscow",NA,"RU",NA,NA,NA,NA,NA,NA,NA,NA,NA,NA,NA,NA,NA,"https://www.hse.ru/en/org/persons/151529248",NA,NA,"0000-0002-4606-4179"
10946187,"Neuroscience",NA,NA,NA,NA,"1","public","/0000-0002-5529-1998/employment/10946187",2020-05-12,2020-05-12,NA,NA,NA,NA,"https://orcid.org/0000-0002-5529-1998","0000-0002-5529-1998","orcid.org","Dominik Welke","2017","11","01","Max Planck Institute for Empirical Aesthetics","Frankfurt am Main",NA,"DE","grid.461782.e","GRID",NA,NA,NA,NA,NA,NA,NA,NA,NA,NA,NA,NA,NA,NA,"0000-0002-5529-1998"
9942462,"University Hospital Freiburg, and Department of Philosophy","Research Fellow",NA,NA,NA,"1","public","/0000-0002-5529-1998/employment/9942462",2020-03-03,2020-03-03,NA,NA,NA,NA,"https://orcid.org/0000-0002-5529-1998","0000-0002-5529-1998","orcid.org","Dominik Welke","2016","04",NA,"BrainLinks-BrainTools, University of Freiburg","Freiburg","Baden-Württemberg","DE","14879","RINGGOLD",NA,NA,NA,NA,NA,"2017","03",NA,NA,NA,NA,NA,NA,NA,"0000-0002-5529-1998"
8687909,NA,NA,NA,NA,NA,"1","public","/0000-0002-7298-6601/employment/8687909",2019-09-17,2019-09-17,NA,NA,NA,NA,"https://orcid.org/0000-0002-7298-6601","0000-0002-7298-6601","orcid.org","Jan Wessel",NA,NA,NA,"University of Iowa","Iowa City","IA","US","4083","RINGGOLD",NA,NA,NA,NA,NA,NA,NA,NA,NA,NA,NA,NA,NA,NA,"0000-0002-7298-6601"
7486072,"Psychology","Associate professor",NA,NA,NA,"1","public","/0000-0002-1864-5881/employment/7486072",2019-03-13,2021-03-12,NA,NA,NA,NA,"https://orcid.org/0000-0002-1864-5881","0000-0002-1864-5881","orcid.org","Mathieu Servant","2018","09","01","Université de Franche-Comté","Besancon","Franche-Comté","FR","27000","RINGGOLD",NA,NA,NA,NA,NA,NA,NA,NA,NA,NA,NA,"http://psychologie.univ-fcomte.fr/pages/fr/menu268/laboratoire-de-psychologie-ea-3188/mathieu-servant-8367-19499.html",NA,NA,"0000-0002-1864-5881"
12419626,"Experimental Psychology","Lecturer",NA,NA,NA,"1","public","/0000-0002-4842-3657/employment/12419626",2020-08-14,2020-08-14,NA,NA,NA,NA,"https://orcid.org/0000-0002-4842-3657","0000-0002-4842-3657","orcid.org","Henrik Singmann","2020","07","21","University College London","London","London","GB","4919","RINGGOLD",NA,NA,NA,NA,NA,NA,NA,NA,NA,NA,NA,"https://www.ucl.ac.uk/pals/research/experimental-psychology/person/henrik-singmann/",NA,NA,"0000-0002-4842-3657"
7756577,"Department of Psychology","Assistant Professor",NA,NA,NA,"1","public","/0000-0002-4842-3657/employment/7756577",2019-04-23,2020-08-14,NA,NA,NA,NA,"https://orcid.org/0000-0002-4842-3657","0000-0002-4842-3657","orcid.org","Henrik Singmann","2018","10","01","University of Warwick","Coventry","West Midlands","GB","2707","RINGGOLD",NA,NA,NA,NA,NA,"2020","07","20",NA,NA,NA,"https://warwick.ac.uk/fac/sci/psych/people/hsingmann/",NA,NA,"0000-0002-4842-3657"
16881528,"Philosophy",NA,NA,NA,NA,"0","public","/0000-0001-9691-2888/employment/16881528",2022-01-26,2022-01-26,NA,NA,NA,NA,NA,NA,NA,"ORCID Integration at the University of Oxford",NA,NA,NA,"University of Oxford","Oxford","Oxfordshire","GB","6396","RINGGOLD",NA,NA,"https://orcid.org/client/0000-0002-4407-7742","0000-0002-4407-7742","orcid.org",NA,NA,NA,NA,NA,NA,NA,NA,NA,"0000-0001-9691-2888"
2960678,NA,"Juan de la Cierva Researcher",NA,NA,NA,"0","public","/0000-0002-4569-3635/employment/2960678",2017-01-13,2017-01-13,NA,NA,NA,NA,"https://orcid.org/0000-0002-4569-3635","0000-0002-4569-3635","orcid.org","Hugo Viciana Asensio","2017","01","16","CSIC- Instituto de Estudios Sociales Avanzados de Andalucia","Cordoba","Andalucía","ES","54400","RINGGOLD",NA,NA,NA,NA,NA,NA,NA,NA,NA,NA,NA,NA,NA,NA,"0000-0002-4569-3635"
12688291,"Bioethics Centre","Lecturer",NA,NA,NA,"1","public","/0000-0002-6742-5260/employment/12688291",2020-09-15,2020-09-15,NA,NA,NA,NA,"https://orcid.org/0000-0002-6742-5260","0000-0002-6742-5260","orcid.org","Tania Moerenhout","2020","09","14","University of Otago","Dunedin",NA,"NZ","2495","RINGGOLD",NA,NA,NA,NA,NA,NA,NA,NA,NA,NA,NA,NA,NA,NA,"0000-0002-6742-5260"
4592252,"Economics","Assistant Professor",NA,NA,NA,"0","public","/0000-0002-0610-8093/employment/4592252",2017-09-07,2017-09-07,NA,NA,NA,NA,"https://orcid.org/0000-0002-0610-8093","0000-0002-0610-8093","orcid.org","Taisuke Imai","2017","08","01","Ludwig-Maximilians-Universitat Munchen","Munchen","Bayern","DE","9183","RINGGOLD",NA,NA,NA,NA,NA,NA,NA,NA,NA,NA,NA,NA,NA,NA,"0000-0002-0610-8093"
1553101,"Division of the Humanities and Social Sciences","Postdoctoral Scholar in Behavioral and Experimental Economics",NA,NA,NA,"0","public","/0000-0002-0610-8093/employment/1553101",2016-02-09,2017-09-07,NA,NA,NA,NA,"https://orcid.org/0000-0002-0610-8093","0000-0002-0610-8093","orcid.org","Taisuke Imai","2016","01","01","California Institute of Technology","Pasadena","CA","US","6469","RINGGOLD",NA,NA,NA,NA,NA,"2017","07","31",NA,NA,NA,NA,NA,NA,"0000-0002-0610-8093"
6498061,"Department of Finance","Post-doc",NA,NA,NA,"1","public","/0000-0002-4248-0677/employment/6498061",2018-09-27,2019-10-11,NA,NA,NA,NA,"https://orcid.org/0000-0002-4248-0677","0000-0002-4248-0677","orcid.org","Adam Altmejd","2018","09","17","Stockholm School of Economics","Stockholm",NA,"SE","grid.419684.6","GRID",NA,NA,NA,NA,NA,NA,NA,NA,NA,NA,NA,"https://www.houseoffinance.se",NA,NA,"0000-0002-4248-0677"
6498048,"Institute for Social Research (SOFI)","Post-doc",NA,NA,NA,"1","public","/0000-0002-4248-0677/employment/6498048",2018-09-27,2018-09-27,NA,NA,NA,NA,"https://orcid.org/0000-0002-4248-0677","0000-0002-4248-0677","orcid.org","Adam Altmejd","2018","09","17","Stockholm University","Stockholm",NA,"SE",NA,NA,NA,NA,NA,NA,NA,NA,NA,NA,NA,NA,NA,"https://www.sofi.su.se",NA,NA,"0000-0002-4248-0677"
14950868,"Department of Applied Economics","Postdoctoral Researcher",NA,NA,NA,"1","public","/0000-0002-9259-826X/employment/14950868",2021-06-01,2021-06-01,NA,NA,NA,NA,"https://orcid.org/0000-0002-9259-826X","0000-0002-9259-826X","orcid.org","Julia Elisabeth Rose","2021","06",NA,"Erasmus School of Economics","Rotterdam",NA,"NL",NA,NA,NA,NA,NA,NA,NA,NA,NA,NA,NA,NA,NA,NA,NA,NA,"0000-0002-9259-826X"
13239067,"Economics and Social Sciences","Postdoctoral Researcher",NA,NA,NA,"1","public","/0000-0002-9259-826X/employment/13239067",2020-11-16,2021-06-01,NA,NA,NA,NA,"https://orcid.org/0000-0002-9259-826X","0000-0002-9259-826X","orcid.org","Julia Elisabeth Rose","2020","06",NA,"Burgundy School of Business","Dijon",NA,"FR",NA,NA,NA,NA,NA,NA,NA,"2021","05",NA,NA,NA,NA,NA,NA,NA,"0000-0002-9259-826X"
8940677,"Department of Banking and Finance","PhD Student",NA,NA,NA,"1","public","/0000-0002-9259-826X/employment/8940677",2019-10-21,2020-11-16,NA,NA,NA,NA,"https://orcid.org/0000-0002-9259-826X","0000-0002-9259-826X","orcid.org","Julia Elisabeth Rose","2016",NA,NA,"University of Innsbruck","Innsbruck",NA,"AT",NA,NA,NA,NA,NA,NA,NA,"2020",NA,NA,NA,NA,NA,NA,NA,NA,"0000-0002-9259-826X"
16184024,"Department of Education and Psychology",NA,NA,NA,NA,"0","public","/0000-0002-4681-0725/employment/16184024",2021-10-24,2021-10-24,NA,NA,NA,NA,NA,NA,NA,"The Open University of Israel","2021","10","01","The Open University of Israel","Raanana",NA,"IL","grid.412512.1","GRID",NA,NA,"https://orcid.org/client/APP-VJRKMVA47G0ICQ7X","APP-VJRKMVA47G0ICQ7X","orcid.org",NA,NA,NA,NA,NA,NA,NA,NA,NA,"0000-0002-4681-0725"
9738070,"Health Promotion and Chronic Disease Prevention Branch","Research Analyst",NA,NA,NA,"1","public","/0000-0001-7168-7047/employment/9738070",2020-02-06,2020-02-06,NA,NA,NA,NA,"https://orcid.org/0000-0001-7168-7047","0000-0001-7168-7047","orcid.org","Colin Capaldi","2019","09",NA,"Public Health Agency of Canada","Ottawa","Ontario","CA",NA,NA,NA,NA,NA,NA,NA,NA,NA,NA,NA,NA,NA,NA,NA,NA,"0000-0001-7168-7047"
270873,"Psychology","Teaching Assistant",NA,NA,NA,"1","public","/0000-0001-7168-7047/employment/270873",2014-05-19,2020-02-06,NA,NA,NA,NA,"https://orcid.org/0000-0001-7168-7047","0000-0001-7168-7047","orcid.org","Colin Capaldi","2012","09",NA,"Carleton University","Ottawa","ON","CA","6339","RINGGOLD",NA,NA,NA,NA,NA,"2019","04",NA,NA,NA,NA,NA,NA,NA,"0000-0001-7168-7047"
4458112,NA,NA,NA,NA,NA,"0","public","/0000-0002-2191-9644/employment/4458112",2017-08-14,2017-08-14,NA,NA,NA,NA,NA,NA,NA,"Tilburg University - PURE",NA,NA,NA,"Tilburg University","N/A",NA,"NL",NA,NA,NA,NA,"https://orcid.org/client/APP-7ZC860H2K0QXLW2B","APP-7ZC860H2K0QXLW2B","orcid.org",NA,NA,NA,NA,NA,NA,NA,NA,NA,"0000-0002-2191-9644"
318010,"Department of Economics","Professor",NA,NA,NA,"0","public","/0000-0001-8759-6393/employment/318010",2014-06-17,2014-07-20,NA,NA,NA,NA,"https://orcid.org/0000-0001-8759-6393","0000-0001-8759-6393","orcid.org","Magnus Johannesson",NA,NA,NA,"Stockholm School of Economics","Stockholm",NA,"SE",NA,NA,NA,NA,NA,NA,NA,NA,NA,NA,NA,NA,NA,NA,NA,NA,"0000-0001-8759-6393"
13067874,NA,NA,NA,NA,NA,"1","public","/0000-0002-3473-1317/employment/13067874",2020-10-26,2020-10-26,NA,NA,NA,NA,"https://orcid.org/0000-0002-3473-1317","0000-0002-3473-1317","orcid.org","Daniel Wolf",NA,NA,NA,"University of Bamberg","Bamberg",NA,"DE","grid.7359.8","GRID",NA,NA,NA,NA,NA,NA,NA,NA,NA,NA,NA,"https://www.uni-bamberg.de/",NA,NA,"0000-0002-3473-1317"
15226184,"Department of Ergonomics and Psychology","Assistant Lecturer",NA,NA,NA,"1","public","/0000-0002-4005-7090/employment/15226184",2021-07-05,2021-07-05,NA,NA,NA,NA,"https://orcid.org/0000-0002-4005-7090","0000-0002-4005-7090","orcid.org","Janos Salamon","2019",NA,NA,"Budapest University of Technology and Economics","Budapest",NA,"HU","grid.6759.d","GRID",NA,NA,NA,NA,NA,NA,NA,NA,NA,NA,NA,NA,NA,NA,"0000-0002-4005-7090"
16282247,"Decision Science","Data Scientist Intern",NA,NA,NA,"1","public","/0000-0002-0118-1021/employment/16282247",2021-11-03,2021-11-03,NA,NA,NA,NA,"https://orcid.org/0000-0002-0118-1021","0000-0002-0118-1021","orcid.org","Kun Jin","2021","06","01","Epsilon Data Management LLC","Chicago","Illinois","US","122781","RINGGOLD",NA,NA,NA,NA,NA,"2021","08","13",NA,NA,NA,NA,NA,NA,"0000-0002-0118-1021"
16794809,NA,NA,NA,NA,NA,"0","public","/0000-0002-3369-3558/employment/16794809",2022-01-15,2022-01-15,NA,NA,NA,NA,NA,NA,NA,"University of Edinburgh - PURE",NA,NA,NA,"University of Edinburgh","Edinburgh",NA,"GB","3124","RINGGOLD",NA,NA,"https://orcid.org/client/APP-ZBZQB726MVBHXFD3","APP-ZBZQB726MVBHXFD3","orcid.org",NA,NA,NA,NA,NA,NA,NA,NA,NA,"0000-0002-3369-3558"
13249042,"Faculty of Engineering and Natural Sciences","Assistant Professor",NA,NA,NA,"1","public","/0000-0002-3994-6106/employment/13249042",2020-11-17,2020-11-17,NA,NA,NA,NA,"https://orcid.org/0000-0002-3994-6106","0000-0002-3994-6106","orcid.org","Onur Varol","2020","11",NA,"Sabancı University","Istanbul",NA,"TR","grid.5334.1","GRID",NA,NA,NA,NA,NA,NA,NA,NA,NA,NA,NA,NA,NA,NA,"0000-0002-3994-6106"
4205546,NA,"Postdoctoral Research Associate",NA,NA,NA,"1","public","/0000-0002-3994-6106/employment/4205546",2017-07-04,2020-11-17,NA,NA,NA,NA,"https://orcid.org/0000-0002-3994-6106","0000-0002-3994-6106","orcid.org","Onur Varol","2017","07",NA,"Northeastern University","Boston","MA","US","1848","RINGGOLD",NA,NA,NA,NA,NA,"2020","07",NA,NA,NA,NA,NA,NA,NA,"0000-0002-3994-6106"
4018027,"School of Informatics and Computing","Research Asistant",NA,NA,NA,"0","public","/0000-0002-3994-6106/employment/4018027",2017-06-07,2017-06-07,NA,NA,NA,NA,"https://orcid.org/0000-0002-3994-6106","0000-0002-3994-6106","orcid.org","Onur Varol","2012","08",NA,"Indiana University","IN","IN","US","http://dx.doi.org/10.13039/100006733","FUNDREF",NA,NA,NA,NA,NA,"2017","01",NA,NA,NA,NA,NA,NA,NA,"0000-0002-3994-6106"
6953324,"Information Science","Assistant Professor",NA,NA,NA,"1","public","/0000-0003-3806-9161/employment/6953324",2018-12-11,2018-12-11,NA,NA,NA,NA,"https://orcid.org/0000-0003-3806-9161","0000-0003-3806-9161","orcid.org","Karen Levy",NA,NA,NA,"Cornell University","Ithaca",NA,"US",NA,NA,NA,NA,NA,NA,NA,NA,NA,NA,NA,NA,NA,NA,NA,NA,"0000-0003-3806-9161"
611177,"School of Economics and Finance","Professor",NA,NA,NA,"0","public","/0000-0002-9809-963X/employment/611177",2014-12-08,2014-12-08,NA,NA,NA,NA,"https://orcid.org/0000-0002-9809-963X","0000-0002-9809-963X","orcid.org","Benno Torgler",NA,NA,NA,"Queensland University of Technology","Brisbane","QLD","AU","1969","RINGGOLD",NA,NA,NA,NA,NA,NA,NA,NA,NA,NA,NA,NA,NA,NA,"0000-0002-9809-963X"
15261308,"Department of Leadership and Organizational Behaviour","PhD Candidate",NA,NA,NA,"1","public","/0000-0003-1404-4779/employment/15261308",2021-07-09,2021-07-09,NA,NA,NA,NA,"https://orcid.org/0000-0003-1404-4779","0000-0003-1404-4779","orcid.org","Lewend Mayiwar","2019","08",NA,"BI Norwegian Business School","Oslo","Oslo","NO",NA,NA,NA,NA,NA,NA,NA,"2023","12",NA,NA,NA,NA,"http://www.lewendmayiwar.com",NA,NA,"0000-0003-1404-4779"
15884312,"Psychology","Associate Professor",NA,NA,NA,"1","public","/0000-0001-8086-9643/employment/15884312",2021-09-21,2021-09-21,NA,NA,NA,NA,"https://orcid.org/0000-0001-8086-9643","0000-0001-8086-9643","orcid.org","Nicole Legate","2020","08","01","Illinois Institute of Technology","Chicago","Illinois","US",NA,NA,NA,NA,NA,NA,NA,NA,NA,NA,NA,NA,NA,NA,NA,NA,"0000-0001-8086-9643"
9163251,"Psychology","Assistant Professor",NA,NA,NA,"1","public","/0000-0001-8086-9643/employment/9163251",2019-11-19,2021-09-21,NA,NA,NA,NA,"https://orcid.org/0000-0001-8086-9643","0000-0001-8086-9643","orcid.org","Nicole Legate","2014","08","01","Illinois Institute of Technology","Chicago","Ilinois","US",NA,NA,NA,NA,NA,NA,NA,"2020","08","01",NA,NA,NA,NA,NA,NA,"0000-0001-8086-9643"
15286650,"Dept. of Psychology","Lecturer ",NA,NA,NA,"1","public","/0000-0001-6423-0524/employment/15286650",2021-07-13,2022-02-07,NA,NA,NA,NA,"https://orcid.org/0000-0001-6423-0524","0000-0001-6423-0524","orcid.org","Marcos Díaz-Lago","2020","11","01","Universidad de Deusto","Bilbao","País Vasco","ES","16392","RINGGOLD",NA,NA,NA,NA,NA,NA,NA,NA,NA,NA,NA,NA,NA,NA,"0000-0001-6423-0524"
5388852,"Dept. of Fundamentals and Methods of Psychology","Postdoctoral researcher",NA,NA,NA,"1","public","/0000-0001-6423-0524/employment/5388852",2018-02-16,2019-09-03,NA,NA,NA,NA,"https://orcid.org/0000-0001-6423-0524","0000-0001-6423-0524","orcid.org","Marcos Díaz-Lago","2018","01","01","Universidad de Deusto","Bilbao","País Vasco","ES","16392","RINGGOLD",NA,NA,NA,NA,NA,"2019","06","03",NA,NA,NA,NA,NA,NA,"0000-0001-6423-0524"
1004912,"Dept. of Fundamentals and Methods of Psychology","Research assistant",NA,NA,NA,"0","public","/0000-0001-6423-0524/employment/1004912",2015-07-02,2018-02-16,NA,NA,NA,NA,"https://orcid.org/0000-0001-6423-0524","0000-0001-6423-0524","orcid.org","Marcos Díaz-Lago","2013","01","01","Universidad de Deusto","Bilbao","País Vasco","ES","16392","RINGGOLD",NA,NA,NA,NA,NA,"2017","12","31",NA,NA,NA,NA,NA,NA,"0000-0001-6423-0524"
9359041,"Division of Psychology and Language Sciences","Visiting scholar",NA,NA,NA,"1","public","/0000-0001-6423-0524/employment/9359041",2019-12-13,2019-12-13,NA,NA,NA,NA,"https://orcid.org/0000-0001-6423-0524","0000-0001-6423-0524","orcid.org","Marcos Díaz-Lago","2016","08",NA,"University College London","London","London","GB","4919","RINGGOLD",NA,NA,NA,NA,NA,"2016","11",NA,NA,NA,NA,NA,NA,NA,"0000-0001-6423-0524"
1004907,"Dept. of Social Psychology, Basic Psychology and Methodology","Research assistant",NA,NA,NA,"0","public","/0000-0001-6423-0524/employment/1004907",2015-07-02,2015-07-02,NA,NA,NA,NA,"https://orcid.org/0000-0001-6423-0524","0000-0001-6423-0524","orcid.org","Marcos Díaz-Lago","2012","03","01","Universidade de Santiago de Compostela","Santiago de Compostela","Galicia","ES","16780","RINGGOLD",NA,NA,NA,NA,NA,"2012","09","31",NA,NA,NA,NA,NA,NA,"0000-0001-6423-0524"
1004902,"Dept. of Social Psychology, Basic Psychology and Methodology","Research assistant",NA,NA,NA,"0","public","/0000-0001-6423-0524/employment/1004902",2015-07-02,2015-07-02,NA,NA,NA,NA,"https://orcid.org/0000-0001-6423-0524","0000-0001-6423-0524","orcid.org","Marcos Díaz-Lago","2011","09","01","Universidade de Santiago de Compostela","Santiago de Compostela","Galicia","ES","16780","RINGGOLD",NA,NA,NA,NA,NA,"2011","11","31",NA,NA,NA,NA,NA,NA,"0000-0001-6423-0524"
1004895,"Dept. of Social Psychology, Basic Psychology and Methodology","Research assistant",NA,NA,NA,"0","public","/0000-0001-6423-0524/employment/1004895",2015-07-02,2015-07-02,NA,NA,NA,NA,"https://orcid.org/0000-0001-6423-0524","0000-0001-6423-0524","orcid.org","Marcos Díaz-Lago","2009","09","01","Universidade de Santiago de Compostela","Santiago de Compostela","Galicia","ES","16780","RINGGOLD",NA,NA,NA,NA,NA,"2010","07","31",NA,NA,NA,NA,NA,NA,"0000-0001-6423-0524"
9479096,"Department of Psychology","Maître de conférences/Associate Professor",NA,NA,NA,"1","public","/0000-0001-7855-3914/employment/9479096",2020-01-05,2020-01-05,NA,NA,NA,NA,"https://orcid.org/0000-0001-7855-3914","0000-0001-7855-3914","orcid.org","Anthony Lantian","2016","09","01","Université Paris-Nanterre","Nanterre","Île-de-France","FR","27044","RINGGOLD",NA,NA,NA,NA,NA,NA,NA,NA,NA,NA,NA,NA,NA,NA,"0000-0001-7855-3914"
420184,"Psychology","Senior Lecturer",NA,NA,NA,"1","public","/0000-0001-8203-8018/employment/420184",2014-08-25,2019-10-15,NA,NA,NA,NA,"https://orcid.org/0000-0001-8203-8018","0000-0001-8203-8018","orcid.org","Michael C Philipp","2013","01",NA,"Massey University","Palmerston North",NA,"NZ","6420","RINGGOLD",NA,NA,NA,NA,NA,NA,NA,NA,NA,NA,NA,NA,NA,NA,"0000-0001-8203-8018"
420183,"Psychology","Lecturer",NA,NA,NA,"0","public","/0000-0001-8203-8018/employment/420183",2014-08-25,2016-05-25,NA,NA,NA,NA,"https://orcid.org/0000-0001-8203-8018","0000-0001-8203-8018","orcid.org","Michael C Philipp","2012","01",NA,"University of Queensland","Brisbane","QLD","AU","1974","RINGGOLD",NA,NA,NA,NA,NA,"2012","11",NA,NA,NA,NA,NA,NA,NA,"0000-0001-8203-8018"
9509598,"School of Psychology","Lecturer",NA,NA,NA,"1","public","/0000-0001-9462-4292/employment/9509598",2020-01-08,2020-01-08,NA,NA,NA,NA,"https://orcid.org/0000-0001-9462-4292","0000-0001-9462-4292","orcid.org","Peter Cannon",NA,NA,NA,"Massey University","Palmerston North","Manawatu","NZ",NA,NA,NA,NA,NA,NA,NA,NA,NA,NA,NA,NA,NA,NA,NA,NA,"0000-0001-9462-4292"
6427394,"Faculty of Psychology ","Assistant professor ",NA,NA,NA,"1","public","/0000-0001-9487-0629/employment/6427394",2018-09-14,2018-09-14,NA,NA,NA,NA,"https://orcid.org/0000-0001-9487-0629","0000-0001-9487-0629","orcid.org","Natalia Frankowska","2016","10","01","SWPS Uniwersytet Humanistycznospołeczny","Warszawa","Mazovia","PL","86927","RINGGOLD",NA,NA,NA,NA,NA,NA,NA,NA,NA,NA,NA,"https://www.swps.pl/",NA,NA,"0000-0001-9487-0629"
12457035,"School of Psychology","Senior Lecturer",NA,NA,NA,"1","public","/0000-0002-2386-072X/employment/12457035",2020-08-19,2021-04-08,NA,NA,NA,NA,"https://orcid.org/0000-0002-2386-072X","0000-0002-2386-072X","orcid.org","Aaron Drummond","2016","01","18","Massey University","Palmerston North",NA,"NZ",NA,NA,NA,NA,NA,NA,NA,NA,NA,NA,NA,NA,NA,NA,NA,NA,"0000-0002-2386-072X"
14497559,"Psychiatry","Research Fellow",NA,NA,NA,"1","public","/0000-0002-2386-072X/employment/14497559",2021-04-08,2021-09-27,NA,NA,NA,NA,"https://orcid.org/0000-0002-2386-072X","0000-0002-2386-072X","orcid.org","Aaron Drummond","2015","01","01","Flinders University","Adelaide","SA","AU","1065","RINGGOLD",NA,NA,NA,NA,NA,"2015","12","01",NA,NA,NA,NA,NA,NA,"0000-0002-2386-072X"
14497550,"Education","Postdoctoral Research Fellow",NA,NA,NA,"1","public","/0000-0002-2386-072X/employment/14497550",2021-04-08,2021-09-27,NA,NA,NA,NA,"https://orcid.org/0000-0002-2386-072X","0000-0002-2386-072X","orcid.org","Aaron Drummond","2010","03","01","Flinders University","Adelaide","South Australia","AU","grid.1014.4","GRID",NA,NA,NA,NA,NA,"2014","12","31",NA,NA,NA,NA,NA,NA,"0000-0002-2386-072X"
1256274,"LAPPS","Associate Professor",NA,NA,NA,"0","public","/0000-0002-4026-1921/employment/1256274",2015-10-16,2021-11-13,NA,NA,NA,NA,"https://orcid.org/0000-0002-4026-1921","0000-0002-4026-1921","orcid.org","Oulmann Zerhouni","2016","09","01","Université Paris-Nanterre","Nanterre","Île-de-France","FR","27044","RINGGOLD",NA,NA,NA,NA,NA,NA,NA,NA,NA,NA,NA,NA,NA,NA,"0000-0002-4026-1921"
6487430,"Psychology","Associate Professor",NA,NA,NA,"1","public","/0000-0002-8678-0145/employment/6487430",2018-09-25,2019-12-10,NA,NA,NA,NA,"https://orcid.org/0000-0002-8678-0145","0000-0002-8678-0145","orcid.org","Ricardo M Tamayo","2013","09","01","Universidad Nacional de Colombia","Bogota",NA,"CO","28021","RINGGOLD",NA,NA,NA,NA,NA,NA,NA,NA,NA,NA,NA,"http://unal.edu.co/",NA,NA,"0000-0002-8678-0145"
8325350,"Psychology","Professor",NA,NA,NA,"1","public","/0000-0002-9620-4280/employment/8325350",2019-07-24,2019-07-24,NA,NA,NA,NA,"https://orcid.org/0000-0002-9620-4280","0000-0002-9620-4280","orcid.org","Thomas Denson",NA,NA,NA,"University of New South Wales","Sydney","New South Wales","AU",NA,NA,NA,NA,NA,NA,NA,NA,NA,NA,NA,NA,NA,"https://www.psy.unsw.edu.au/contacts-people/academic-staff/professor-tom-denson",NA,NA,"0000-0002-9620-4280"
6944546,"Faculty in Wroclaw",NA,NA,NA,NA,"1","public","/0000-0003-2720-484X/employment/6944546",2018-12-10,2018-12-10,NA,NA,NA,NA,"https://orcid.org/0000-0003-2720-484X","0000-0003-2720-484X","orcid.org","Katarzyna Cantarero","2018","10","01","SWPS Uniwersytet Humanistycznospołeczny","Wroclaw","Dolnoslaskie","PL","86927","RINGGOLD",NA,NA,NA,NA,NA,NA,NA,NA,NA,NA,NA,NA,NA,NA,"0000-0003-2720-484X"
13400955,NA,NA,NA,NA,NA,"0","public","/0000-0003-2737-8049/employment/13400955",2020-12-03,2020-12-03,NA,NA,NA,NA,NA,NA,NA,"Université libre de Bruxelles",NA,NA,NA,"Université libre de Bruxelles","1050","Brussels","BE","96648","RINGGOLD",NA,NA,"https://orcid.org/client/APP-934DAS04INM23LSR","APP-934DAS04INM23LSR","orcid.org",NA,NA,NA,NA,NA,NA,NA,NA,NA,"0000-0003-2737-8049"
5512705,"Faculté des Sciences Psychologiques et de l'Education","Full Professor",NA,NA,NA,"0","public","/0000-0003-2737-8049/employment/5512705",2018-03-12,2019-10-15,NA,NA,NA,NA,"https://orcid.org/0000-0003-2737-8049","0000-0003-2737-8049","orcid.org","Olivier Klein","2003","10","01","Université Libre de Bruxelles","Bruxelles",NA,"BE","26659","RINGGOLD",NA,NA,NA,NA,NA,NA,NA,NA,NA,NA,NA,NA,NA,NA,"0000-0003-2737-8049"
3270343,"Communication and Information Science",NA,NA,NA,NA,"0","public","/0000-0003-3918-0646/employment/3270343",2017-02-23,2017-02-23,NA,NA,NA,NA,"https://orcid.org/0000-0003-3918-0646","0000-0003-3918-0646","orcid.org","Monique Pollmann","2011","08","01","Tilburg University","Tilburg",NA,"NL",NA,NA,NA,NA,NA,NA,NA,NA,NA,NA,NA,NA,NA,NA,NA,NA,"0000-0003-3918-0646"
2726897,"LESSAC","Head of LESSAC, Resp. Decisions and Behavior Axis",NA,NA,NA,"1","public","/0000-0001-6925-0970/employment/2726897",2016-12-06,2019-01-25,NA,NA,NA,NA,"https://orcid.org/0000-0001-6925-0970","0000-0001-6925-0970","orcid.org","Angela Sutan","2005","09","01","Burgundy School of Business","Dijon",NA,"FR","84282","RINGGOLD",NA,NA,NA,NA,NA,NA,NA,NA,NA,NA,NA,NA,NA,NA,"0000-0001-6925-0970"
11653693,"Department of Economics","Assistant Professor (Tenure-Track)",NA,NA,NA,"1","public","/0000-0001-9606-0427/employment/11653693",2020-06-02,2020-07-24,NA,NA,NA,NA,"https://orcid.org/0000-0001-9606-0427","0000-0001-9606-0427","orcid.org","Felix Holzmeister","2020","06",NA,"University of Innsbruck","Innsbruck","Tyrol","AT",NA,NA,NA,NA,NA,NA,NA,NA,NA,NA,NA,NA,NA,NA,NA,NA,"0000-0001-9606-0427"
7365528,"Innsbruck EconLab","Lab Manager",NA,NA,NA,"1","public","/0000-0001-9606-0427/employment/7365528",2019-02-22,2019-02-22,NA,NA,NA,NA,"https://orcid.org/0000-0001-9606-0427","0000-0001-9606-0427","orcid.org","Felix Holzmeister","2018","03",NA,"University of Innsbruck","Innsbruck","Tyrol","AT",NA,NA,NA,NA,NA,NA,NA,NA,NA,NA,NA,NA,NA,"https://www.uibk.ac.at/eeecon/econlab/",NA,NA,"0000-0001-9606-0427"
6287619,"Department of Banking and Finance","PostDoc and Lecturer",NA,NA,NA,"1","public","/0000-0001-9606-0427/employment/6287619",2018-08-17,2020-06-02,NA,NA,NA,NA,"https://orcid.org/0000-0001-9606-0427","0000-0001-9606-0427","orcid.org","Felix Holzmeister","2018","07",NA,"University of Innsbruck","Innsbruck","Tyrol","AT",NA,NA,NA,NA,NA,NA,NA,"2020","05",NA,NA,NA,NA,NA,NA,NA,"0000-0001-9606-0427"
1605062,"Department of Banking and Finance","PhD Candidate and Lecturer",NA,NA,NA,NA,"public","/0000-0001-9606-0427/employment/1605062",2016-02-29,2019-02-22,NA,NA,NA,NA,"https://orcid.org/0000-0001-9606-0427","0000-0001-9606-0427","orcid.org","Felix Holzmeister","2015","01",NA,"University of Innsbruck","Innsbruck","Tyrol","AT",NA,NA,NA,NA,NA,NA,NA,"2018","06",NA,NA,NA,NA,NA,NA,NA,"0000-0001-9606-0427"
8494089,"Psychology","Assistant Professor",NA,NA,NA,"1","public","/0000-0002-1050-0151/employment/8494089",2019-08-20,2019-08-20,NA,NA,NA,NA,"https://orcid.org/0000-0002-1050-0151","0000-0002-1050-0151","orcid.org","Keith Wylie","2019","08","11","Emporia State University","Emporia","Kansas","US",NA,NA,NA,NA,NA,NA,NA,NA,NA,NA,NA,NA,NA,NA,NA,NA,"0000-0002-1050-0151"
15707642,"Department of Social Psychology","Academic",NA,NA,NA,"0","public","/0000-0002-9403-6084/employment/15707642",2021-09-02,2021-09-02,NA,NA,NA,NA,NA,NA,NA,"Tilburg University - PURE","2021","09","01","Tilburg University","Tilburg",NA,"NL",NA,NA,NA,NA,"https://orcid.org/client/APP-7ZC860H2K0QXLW2B","APP-7ZC860H2K0QXLW2B","orcid.org","2025","09","01",NA,NA,NA,NA,NA,NA,"0000-0002-9403-6084"
1349810,"Banking and Finance","Head of the Department of Banking and Finance",NA,NA,NA,"0","public","/0000-0003-0073-0321/employment/1349810",2015-11-17,2015-11-17,NA,NA,NA,NA,"https://orcid.org/0000-0003-0073-0321","0000-0003-0073-0321","orcid.org","Juergen Huber","2010","10",NA,"University of Innsbruck","Innsbruck",NA,"AT",NA,NA,NA,NA,NA,NA,NA,NA,NA,NA,NA,NA,NA,NA,NA,NA,"0000-0003-0073-0321"
1349800,"Banking and Finance","Full Professor in Finance",NA,NA,NA,"0","public","/0000-0003-0073-0321/employment/1349800",2015-11-17,2015-11-17,NA,NA,NA,NA,"https://orcid.org/0000-0003-0073-0321","0000-0003-0073-0321","orcid.org","Juergen Huber","2008","10",NA,"University of Innsbruck","Innsbruck",NA,"AT",NA,NA,NA,NA,NA,NA,NA,NA,NA,NA,NA,NA,NA,NA,NA,NA,"0000-0003-0073-0321"
1349792,NA,"Visiting Full Professor in Finance",NA,NA,NA,"0","public","/0000-0003-0073-0321/employment/1349792",2015-11-17,2015-11-17,NA,NA,NA,NA,"https://orcid.org/0000-0003-0073-0321","0000-0003-0073-0321","orcid.org","Juergen Huber","2008","03",NA,"University of Vienna","Vienna",NA,"AT",NA,NA,NA,NA,NA,NA,NA,"2008","07",NA,NA,NA,NA,NA,NA,NA,"0000-0003-0073-0321"
1349783,NA,"Associate Professor in Finance",NA,NA,NA,"0","public","/0000-0003-0073-0321/employment/1349783",2015-11-17,2015-11-17,NA,NA,NA,NA,"https://orcid.org/0000-0003-0073-0321","0000-0003-0073-0321","orcid.org","Juergen Huber","2007","05",NA,"University of Innsbruck","Innsbruck",NA,"AT",NA,NA,NA,NA,NA,NA,NA,"2008","02",NA,NA,NA,NA,NA,NA,NA,"0000-0003-0073-0321"
1349775,NA,"Visiting Assistant Professor",NA,NA,NA,"0","public","/0000-0003-0073-0321/employment/1349775",2015-11-17,2015-11-17,NA,NA,NA,NA,"https://orcid.org/0000-0003-0073-0321","0000-0003-0073-0321","orcid.org","Juergen Huber","2006","04",NA,"Yale University","New Haven","CT","US","5755","RINGGOLD",NA,NA,NA,NA,NA,"2007","02",NA,NA,NA,NA,NA,NA,NA,"0000-0003-0073-0321"
1349765,NA,"Assistant Professor of Finance",NA,NA,NA,"0","public","/0000-0003-0073-0321/employment/1349765",2015-11-17,2015-11-17,NA,NA,NA,NA,"https://orcid.org/0000-0003-0073-0321","0000-0003-0073-0321","orcid.org","Juergen Huber","1998",NA,NA,"University of Innsbruck","Innsbruck",NA,"AT",NA,NA,NA,NA,NA,NA,NA,"2007",NA,NA,NA,NA,NA,NA,NA,NA,"0000-0003-0073-0321"
17103262,NA,"Prof.",NA,NA,NA,"1","public","/0000-0002-4285-8537/employment/17103262",2022-02-24,2022-02-24,NA,NA,NA,NA,"https://orcid.org/0000-0002-4285-8537","0000-0002-4285-8537","orcid.org","Chris Donkin","2022",NA,NA,"Ludwig-Maximilians-Universität München","Munich",NA,"DE","grid.5252.0","GRID",NA,NA,NA,NA,NA,NA,NA,NA,NA,NA,NA,NA,NA,NA,"0000-0002-4285-8537"
17103266,NA,"Ass. Prof.",NA,NA,NA,"1","public","/0000-0002-4285-8537/employment/17103266",2022-02-24,2022-02-24,NA,NA,NA,NA,"https://orcid.org/0000-0002-4285-8537","0000-0002-4285-8537","orcid.org","Chris Donkin","2012",NA,NA,"UNSW Sydney","Sydney","New South Wales","AU","grid.1005.4","GRID",NA,NA,NA,NA,NA,"2021",NA,NA,NA,NA,NA,NA,NA,NA,"0000-0002-4285-8537"
17103277,NA,"Post-doc",NA,NA,NA,"1","public","/0000-0002-4285-8537/employment/17103277",2022-02-24,2022-02-24,NA,NA,NA,NA,"https://orcid.org/0000-0002-4285-8537","0000-0002-4285-8537","orcid.org","Chris Donkin","2010",NA,NA,"Indiana University","Bloomington","IN","US","1772","RINGGOLD",NA,NA,NA,NA,NA,"2011",NA,NA,NA,NA,NA,NA,NA,NA,"0000-0002-4285-8537"
14436977,"Psychometrics and Statistics","Professor",NA,NA,NA,"1","public","/0000-0002-5030-4091/employment/14436977",2021-04-01,2021-04-01,NA,NA,NA,NA,"https://orcid.org/0000-0002-5030-4091","0000-0002-5030-4091","orcid.org","Don van Ravenzwaaij","2021","04","01","University of Groningen","Groningen",NA,"NL",NA,NA,NA,NA,NA,NA,NA,NA,NA,NA,NA,NA,NA,"http://www.donvanravenzwaaij.com",NA,NA,"0000-0002-5030-4091"
5309877,"Psychometrics and Statistics","Associate Professor",NA,NA,NA,"1","public","/0000-0002-5030-4091/employment/5309877",2018-02-01,2021-04-01,NA,NA,NA,NA,"https://orcid.org/0000-0002-5030-4091","0000-0002-5030-4091","orcid.org","Don van Ravenzwaaij","2018","02","01","University of Groningen","Groningen",NA,"NL",NA,NA,NA,NA,NA,NA,NA,"2021","03","31",NA,NA,NA,NA,NA,NA,"0000-0002-5030-4091"
2403440,"Psychometrics and Statistics","Assistant Professor",NA,NA,NA,"0","public","/0000-0002-5030-4091/employment/2403440",2016-10-11,2018-02-01,NA,NA,NA,NA,"https://orcid.org/0000-0002-5030-4091","0000-0002-5030-4091","orcid.org","Don van Ravenzwaaij","2015","08","01","University of Groningen","Groningen",NA,"NL",NA,NA,NA,NA,NA,NA,NA,"2018","01","31",NA,NA,NA,NA,NA,NA,"0000-0002-5030-4091"
2403561,"Cognitive and Quantitative Psychology","Assistant Professor",NA,NA,NA,"0","public","/0000-0002-5030-4091/employment/2403561",2016-10-11,2017-01-24,NA,NA,NA,NA,"https://orcid.org/0000-0002-5030-4091","0000-0002-5030-4091","orcid.org","Don van Ravenzwaaij","2013","08",NA,"University of Newcastle","Newcastle","New South Wales","AU",NA,NA,NA,NA,NA,NA,NA,"2015","08",NA,NA,NA,NA,NA,NA,NA,"0000-0002-5030-4091"
2403587,"Cognitive Psychology","Post-doc",NA,NA,NA,"0","public","/0000-0002-5030-4091/employment/2403587",2016-10-11,2017-01-24,NA,NA,NA,NA,"https://orcid.org/0000-0002-5030-4091","0000-0002-5030-4091","orcid.org","Don van Ravenzwaaij","2012","04",NA,"University of New South Wales","Sydney","New South Wales","AU",NA,NA,NA,NA,NA,NA,NA,"2013","07",NA,NA,NA,NA,NA,NA,NA,"0000-0002-5030-4091"
13553611,"Departement Klinische Forschung","Senior Statistician",NA,NA,NA,"1","public","/0000-0002-6719-2508/employment/13553611",2020-12-21,2020-12-21,NA,NA,NA,NA,"https://orcid.org/0000-0002-6719-2508","0000-0002-6719-2508","orcid.org","Gilles Dutilh","2017","01","01","Universitätsspital Basel","Basel",NA,"CH","http://dx.doi.org/10.13039/100016015","FUNDREF",NA,NA,NA,NA,NA,NA,NA,NA,NA,NA,NA,NA,NA,NA,"0000-0002-6719-2508"
12092490,"Psychology","Centennial Professor",NA,NA,NA,"1","public","/0000-0002-8301-7726/employment/12092490",2020-07-09,2020-07-09,NA,NA,NA,NA,"https://orcid.org/0000-0002-8301-7726","0000-0002-8301-7726","orcid.org","Gordon Logan","2000",NA,NA,"Vanderbilt University","Nashville","Tennessee","US","grid.152326.1","GRID",NA,NA,NA,NA,NA,NA,NA,NA,NA,NA,NA,NA,NA,NA,"0000-0002-8301-7726"
12092486,"Psychology","Professor",NA,NA,NA,"1","public","/0000-0002-8301-7726/employment/12092486",2020-07-09,2020-07-09,NA,NA,NA,NA,"https://orcid.org/0000-0002-8301-7726","0000-0002-8301-7726","orcid.org","Gordon Logan","1986",NA,NA,"University of Illinois","Champaign/Urbana","IL","US","http://dx.doi.org/10.13039/100010443","FUNDREF",NA,NA,NA,NA,NA,"2000",NA,NA,NA,NA,NA,NA,NA,NA,"0000-0002-8301-7726"
12092471,"Psychological Sciences","Associate Professor",NA,NA,NA,"1","public","/0000-0002-8301-7726/employment/12092471",2020-07-09,2020-07-09,NA,NA,NA,NA,"https://orcid.org/0000-0002-8301-7726","0000-0002-8301-7726","orcid.org","Gordon Logan","1984",NA,NA,"Purdue University","West Lafayette","IN","US","311308","RINGGOLD",NA,NA,NA,NA,NA,"1986",NA,NA,NA,NA,NA,NA,NA,NA,"0000-0002-8301-7726"
12092462,"Psychology","University Research Fellow",NA,NA,NA,"1","public","/0000-0002-8301-7726/employment/12092462",2020-07-09,2020-07-09,NA,NA,NA,NA,"https://orcid.org/0000-0002-8301-7726","0000-0002-8301-7726","orcid.org","Gordon Logan","1983",NA,NA,"University of British Columbia","Vancouver","British Columbia","CA","grid.17091.3e","GRID",NA,NA,NA,NA,NA,"1984",NA,NA,NA,NA,NA,NA,NA,NA,"0000-0002-8301-7726"
12092456,"Psychology","Assistant Professor/University Research Fellow",NA,NA,NA,"1","public","/0000-0002-8301-7726/employment/12092456",2020-07-09,2020-07-09,NA,NA,NA,NA,"https://orcid.org/0000-0002-8301-7726","0000-0002-8301-7726","orcid.org","Gordon Logan","1976",NA,NA,"University of Toronto","ON","ON","CA","http://dx.doi.org/10.13039/501100003579","FUNDREF",NA,NA,NA,NA,NA,"1983",NA,NA,NA,NA,NA,NA,NA,NA,"0000-0002-8301-7726"
12092504,"Psychology","Postdoctoral Fellow",NA,NA,NA,"1","public","/0000-0002-8301-7726/employment/12092504",2020-07-09,2020-07-09,NA,NA,NA,NA,"https://orcid.org/0000-0002-8301-7726","0000-0002-8301-7726","orcid.org","Gordon Logan","1975",NA,NA,"University of Waterloo","Waterloo","ON","CA","http://dx.doi.org/10.13039/501100004490","FUNDREF",NA,NA,NA,NA,NA,"1976",NA,NA,NA,NA,NA,NA,NA,NA,"0000-0002-8301-7726"
12092442,"Psychology","Sessional Lecturer",NA,NA,NA,"1","public","/0000-0002-8301-7726/employment/12092442",2020-07-09,2020-07-09,NA,NA,NA,NA,"https://orcid.org/0000-0002-8301-7726","0000-0002-8301-7726","orcid.org","Gordon Logan","1974","09",NA,"Queen's University","Kingston","Ontario","CA","grid.410356.5","GRID",NA,NA,NA,NA,NA,"1975","08",NA,NA,NA,NA,NA,NA,NA,"0000-0002-8301-7726"
6323810,"Department of Psychology","Assistant Professor",NA,NA,NA,"1","public","/0000-0002-9019-6574/employment/6323810",2018-08-24,2018-08-24,NA,NA,NA,NA,"https://orcid.org/0000-0002-9019-6574","0000-0002-9019-6574","orcid.org","Jennifer Trueblood","2015","07",NA,"Vanderbilt University","Nashville","TN","US","5718","RINGGOLD",NA,NA,NA,NA,NA,NA,NA,NA,NA,NA,NA,NA,NA,NA,"0000-0002-9019-6574"
6323828,"Cognitive Science","Assistant Professor",NA,NA,NA,"1","public","/0000-0002-9019-6574/employment/6323828",2018-08-24,2018-08-24,NA,NA,NA,NA,"https://orcid.org/0000-0002-9019-6574","0000-0002-9019-6574","orcid.org","Jennifer Trueblood","2012","07",NA,"University of California Irvine","Irvine","CA","US","8788","RINGGOLD",NA,NA,NA,NA,NA,"2015","06",NA,NA,NA,NA,NA,NA,NA,"0000-0002-9019-6574"
14940795,"Psychology","Professor",NA,NA,NA,"1","public","/0000-0001-5189-2801/employment/14940795",2021-05-31,2021-05-31,NA,NA,NA,NA,"https://orcid.org/0000-0001-5189-2801","0000-0001-5189-2801","orcid.org","Keith Hutchison","2003","08","15","Montana State University","Bozeman","MT","US",NA,NA,NA,NA,NA,NA,NA,NA,NA,NA,NA,NA,NA,"http://www.montana.edu/psychology/directory/1524199/keith-hutchison",NA,NA,"0000-0001-5189-2801"
14940812,"Psychology","Post-Doctoral Research Associate",NA,NA,NA,"1","public","/0000-0001-5189-2801/employment/14940812",2021-05-31,2021-05-31,NA,NA,NA,NA,"https://orcid.org/0000-0001-5189-2801","0000-0001-5189-2801","orcid.org","Keith Hutchison","2001","09","01","Washington University in St Louis","St Louis","MO","US","7548","RINGGOLD",NA,NA,NA,NA,NA,"2003","07","01",NA,NA,NA,NA,NA,NA,"0000-0001-5189-2801"
2033244,"Psychology","Associate Professor",NA,NA,NA,"0","public","/0000-0002-5372-4323/employment/2033244",2016-07-19,2019-10-15,NA,NA,NA,NA,"https://orcid.org/0000-0002-5372-4323","0000-0002-5372-4323","orcid.org","Melvin Yap","2013","01","01","National University of Singapore","Singapore",NA,"SG","37580","RINGGOLD",NA,NA,NA,NA,NA,NA,NA,NA,NA,NA,NA,NA,NA,NA,"0000-0002-5372-4323"
2033243,"Psychology","Assistant Professor",NA,NA,NA,"0","public","/0000-0002-5372-4323/employment/2033243",2016-07-19,2019-10-15,NA,NA,NA,NA,"https://orcid.org/0000-0002-5372-4323","0000-0002-5372-4323","orcid.org","Melvin Yap","2007","08","01","National University of Singapore","Singapore",NA,"SG","37580","RINGGOLD",NA,NA,NA,NA,NA,"2012","12","31",NA,NA,NA,NA,NA,NA,"0000-0002-5372-4323"
7038918,"Analytics","Professor of Cognitive Analytics",NA,NA,NA,"1","public","/0000-0002-9689-4189/employment/7038918",2018-12-31,2018-12-31,NA,NA,NA,NA,"https://orcid.org/0000-0002-9689-4189","0000-0002-9689-4189","orcid.org","Buchanan, Erin M.","2019","01","01","Harrisburg University of Science and Technology","Harrisburg","PA","US","43313","RINGGOLD",NA,NA,NA,NA,NA,NA,NA,NA,NA,NA,NA,"http://harrisburgu.edu/profile/?smid=11236",NA,NA,"0000-0002-9689-4189"
156569,"Psychology","Associate Professor",NA,NA,NA,"1","public","/0000-0002-9689-4189/employment/156569",2014-03-11,2018-12-31,NA,NA,NA,NA,"https://orcid.org/0000-0002-9689-4189","0000-0002-9689-4189","orcid.org","Buchanan, Erin M.","2014","08","14","Missouri State University","Springfield","MO","US","7471","RINGGOLD",NA,NA,NA,NA,NA,"2018","12","31",NA,NA,NA,NA,NA,NA,"0000-0002-9689-4189"
156568,"Psychology","Assistant Professor",NA,NA,NA,"0","public","/0000-0002-9689-4189/employment/156568",2014-03-11,2014-07-22,NA,NA,NA,NA,"https://orcid.org/0000-0002-9689-4189","0000-0002-9689-4189","orcid.org","Buchanan, Erin M.","2010","08","01","Missouri State University","Springfield","MO","US","7471","RINGGOLD",NA,NA,NA,NA,NA,"2014","08","10",NA,NA,NA,NA,NA,NA,"0000-0002-9689-4189"
3311142,"Psychology","Instructional Assistant Professor",NA,NA,NA,"0","public","/0000-0002-9689-4189/employment/3311142",2017-02-28,2017-02-28,NA,NA,NA,NA,"https://orcid.org/0000-0002-9689-4189","0000-0002-9689-4189","orcid.org","Buchanan, Erin M.","2008","08",NA,"University of Mississippi","University Park","MS","US","8083","RINGGOLD",NA,NA,NA,NA,NA,"2010","08",NA,NA,NA,NA,NA,NA,NA,"0000-0002-9689-4189"
6617082,NA,NA,NA,NA,NA,"1","public","/0000-0003-3676-8102/employment/6617082",2018-10-17,2021-09-02,NA,NA,NA,NA,"https://orcid.org/0000-0003-3676-8102","0000-0003-3676-8102","orcid.org","Chi-Shing Tse","2009","08",NA,"Chinese University of Hong Kong","New Territories",NA,"HK","26451","RINGGOLD",NA,NA,NA,NA,NA,NA,NA,NA,NA,NA,NA,NA,NA,NA,"0000-0003-3676-8102"
3708011,"Psychology","Professor",NA,NA,NA,"0","public","/0000-0002-5141-3847/employment/3708011",2017-04-20,2017-04-20,NA,NA,NA,NA,"https://orcid.org/0000-0002-5141-3847","0000-0002-5141-3847","orcid.org","Wolfgang Lutz","2007","04","01","Universität Trier Fach Psychologie","Trier","Rheinland-Pfalz","DE","233362","RINGGOLD",NA,NA,NA,NA,NA,NA,NA,NA,NA,NA,NA,NA,NA,NA,"0000-0002-5141-3847"
12320132,"Blue Brain Project","PostDoctoral Research Fellow",NA,NA,NA,"1","public","/0000-0003-0388-6321/employment/12320132",2020-08-03,2020-08-03,NA,NA,NA,NA,"https://orcid.org/0000-0003-0388-6321","0000-0003-0388-6321","orcid.org","Alberto Antonietti","2020","08","01","École Polytechnique Fédérale de Lausanne","Geneva",NA,"CH","27218","RINGGOLD",NA,NA,NA,NA,NA,NA,NA,NA,NA,NA,NA,NA,NA,NA,"0000-0003-0388-6321"
8833920,"Department of Brain and Behavioral Sciences","PostDoctoral Research Fellow",NA,NA,NA,"1","public","/0000-0003-0388-6321/employment/8833920",2019-10-07,2020-08-03,NA,NA,NA,NA,"https://orcid.org/0000-0003-0388-6321","0000-0003-0388-6321","orcid.org","Alberto Antonietti","2019","07","01","University of Pavia","Pavia",NA,"IT","grid.8982.b","GRID",NA,NA,NA,NA,NA,"2020","06","30",NA,NA,NA,NA,NA,NA,"0000-0003-0388-6321"
14604059,"DIPARTIMENTO DI ELETTRONICA, INFORMAZIONE E BIOINGEGNERIA","Personale esterno ed autonomi",NA,NA,NA,"0","public","/0000-0003-0388-6321/employment/14604059",2021-04-21,2022-03-13,NA,NA,NA,NA,NA,NA,NA,"Politecnico di Milano - IRIS","2019","12","04","Politecnico di MILANO","Milano","Lombardia","IT",NA,NA,NA,NA,"https://orcid.org/client/APP-QHSUZPS3QB65R12B","APP-QHSUZPS3QB65R12B","orcid.org","2020","01","04",NA,NA,NA,NA,NA,NA,"0000-0003-0388-6321"
14604058,"DIPARTIMENTO DI MATEMATICA","Collaboratori",NA,NA,NA,"0","public","/0000-0003-0388-6321/employment/14604058",2021-04-21,2022-03-13,NA,NA,NA,NA,NA,NA,NA,"Politecnico di Milano - IRIS","2019","12","02","Politecnico di MILANO","Milano","Lombardia","IT",NA,NA,NA,NA,"https://orcid.org/client/APP-QHSUZPS3QB65R12B","APP-QHSUZPS3QB65R12B","orcid.org","2019","12","21",NA,NA,NA,NA,NA,NA,"0000-0003-0388-6321"
14604057,"DIPARTIMENTO DI ELETTRONICA, INFORMAZIONE E BIOINGEGNERIA","Collaboratori",NA,NA,NA,"0","public","/0000-0003-0388-6321/employment/14604057",2021-04-21,2021-04-21,NA,NA,NA,NA,NA,NA,NA,"Politecnico di Milano - IRIS","2019","09","16","Politecnico di MILANO","Milano","Lombardia","IT",NA,NA,NA,NA,"https://orcid.org/client/APP-QHSUZPS3QB65R12B","APP-QHSUZPS3QB65R12B","orcid.org","2019","12","01",NA,NA,NA,NA,NA,NA,"0000-0003-0388-6321"
14604052,"DIPARTIMENTO DI ELETTRONICA, INFORMAZIONE E BIOINGEGNERIA","Assegnisti",NA,NA,NA,"0","public","/0000-0003-0388-6321/employment/14604052",2021-04-21,2022-03-13,NA,NA,NA,NA,NA,NA,NA,"Politecnico di Milano - IRIS","2018","07","01","Politecnico di MILANO","Milano","Lombardia","IT",NA,NA,NA,NA,"https://orcid.org/client/APP-QHSUZPS3QB65R12B","APP-QHSUZPS3QB65R12B","orcid.org","2019","07","01",NA,NA,NA,NA,NA,NA,"0000-0003-0388-6321"
6104622,"Department of Electronics, Information and Bioengineering","PostDoctoral Research Fellow",NA,NA,NA,"1","public","/0000-0003-0388-6321/employment/6104622",2018-07-11,2020-08-03,NA,NA,NA,NA,"https://orcid.org/0000-0003-0388-6321","0000-0003-0388-6321","orcid.org","Alberto Antonietti","2018","05",NA,"Politecnico di Milano","Milano",NA,"IT","18981","RINGGOLD",NA,NA,NA,NA,NA,"2019","06","30",NA,NA,NA,NA,NA,NA,"0000-0003-0388-6321"
14604055,"DIPARTIMENTO DI ELETTRONICA, INFORMAZIONE E BIOINGEGNERIA","Collaboratori",NA,NA,NA,"0","public","/0000-0003-0388-6321/employment/14604055",2021-04-21,2022-03-13,NA,NA,NA,NA,NA,NA,NA,"Politecnico di Milano - IRIS","2018","11","05","Politecnico di MILANO","Milano","Lombardia","IT",NA,NA,NA,NA,"https://orcid.org/client/APP-QHSUZPS3QB65R12B","APP-QHSUZPS3QB65R12B","orcid.org","2019","03","01",NA,NA,NA,NA,NA,NA,"0000-0003-0388-6321"
14604054,"DIPARTIMENTO DI MATEMATICA","Collaboratori",NA,NA,NA,"0","public","/0000-0003-0388-6321/employment/14604054",2021-04-21,2021-04-21,NA,NA,NA,NA,NA,NA,NA,"Politecnico di Milano - IRIS","2018","10","01","Politecnico di MILANO","Milano","Lombardia","IT",NA,NA,NA,NA,"https://orcid.org/client/APP-QHSUZPS3QB65R12B","APP-QHSUZPS3QB65R12B","orcid.org","2018","11","04",NA,NA,NA,NA,NA,NA,"0000-0003-0388-6321"
14604053,"DIPARTIMENTO DI ELETTRONICA, INFORMAZIONE E BIOINGEGNERIA","Collaboratori",NA,NA,NA,"0","public","/0000-0003-0388-6321/employment/14604053",2021-04-21,2021-04-21,NA,NA,NA,NA,NA,NA,NA,"Politecnico di Milano - IRIS","2018","09","17","Politecnico di MILANO","Milano","Lombardia","IT",NA,NA,NA,NA,"https://orcid.org/client/APP-QHSUZPS3QB65R12B","APP-QHSUZPS3QB65R12B","orcid.org","2018","09","30",NA,NA,NA,NA,NA,NA,"0000-0003-0388-6321"
14604047,"DIPARTIMENTO DI ELETTRONICA, INFORMAZIONE E BIOINGEGNERIA","Dottorandi",NA,NA,NA,"0","public","/0000-0003-0388-6321/employment/14604047",2021-04-21,2022-03-13,NA,NA,NA,NA,NA,NA,NA,"Politecnico di Milano - IRIS","2014","11","01","Politecnico di MILANO","Milano","Lombardia","IT",NA,NA,NA,NA,"https://orcid.org/client/APP-QHSUZPS3QB65R12B","APP-QHSUZPS3QB65R12B","orcid.org","2018","05","11",NA,NA,NA,NA,NA,NA,"0000-0003-0388-6321"
526834,"Department of Electronics, Information and Bioengineering","PhD Student",NA,NA,NA,"0","public","/0000-0003-0388-6321/employment/526834",2014-10-17,2019-10-15,NA,NA,NA,NA,"https://orcid.org/0000-0003-0388-6321","0000-0003-0388-6321","orcid.org","Alberto Antonietti","2014","11",NA,"Politecnico di Milano","Milano",NA,"IT","18981","RINGGOLD",NA,NA,NA,NA,NA,"2018","04",NA,NA,NA,NA,NA,NA,NA,"0000-0003-0388-6321"
14604051,"DIPARTIMENTO DI MATEMATICA","Collaboratori",NA,NA,NA,"0","public","/0000-0003-0388-6321/employment/14604051",2021-04-21,2022-03-13,NA,NA,NA,NA,NA,NA,NA,"Politecnico di Milano - IRIS","2017","11","13","Politecnico di MILANO","Milano","Lombardia","IT",NA,NA,NA,NA,"https://orcid.org/client/APP-QHSUZPS3QB65R12B","APP-QHSUZPS3QB65R12B","orcid.org","2017","12","23",NA,NA,NA,NA,NA,NA,"0000-0003-0388-6321"
14604050,"DIPARTIMENTO DI ELETTRONICA, INFORMAZIONE E BIOINGEGNERIA","Collaboratori",NA,NA,NA,"0","public","/0000-0003-0388-6321/employment/14604050",2021-04-21,2021-04-21,NA,NA,NA,NA,NA,NA,NA,"Politecnico di Milano - IRIS","2017","11","07","Politecnico di MILANO","Milano","Lombardia","IT",NA,NA,NA,NA,"https://orcid.org/client/APP-QHSUZPS3QB65R12B","APP-QHSUZPS3QB65R12B","orcid.org","2017","11","12",NA,NA,NA,NA,NA,NA,"0000-0003-0388-6321"
14604046,"DIPARTIMENTO DI ELETTRONICA, INFORMAZIONE E BIOINGEGNERIA","Assegnisti",NA,NA,NA,"0","public","/0000-0003-0388-6321/employment/14604046",2021-04-21,2021-04-21,NA,NA,NA,NA,NA,NA,NA,"Politecnico di Milano - IRIS","2014","10","01","Politecnico di MILANO","Milano","Lombardia","IT",NA,NA,NA,NA,"https://orcid.org/client/APP-QHSUZPS3QB65R12B","APP-QHSUZPS3QB65R12B","orcid.org","2017","06","30",NA,NA,NA,NA,NA,NA,"0000-0003-0388-6321"
14604049,"DIPARTIMENTO DI ELETTRONICA, INFORMAZIONE E BIOINGEGNERIA","Collaboratori",NA,NA,NA,"0","public","/0000-0003-0388-6321/employment/14604049",2021-04-21,2022-03-13,NA,NA,NA,NA,NA,NA,NA,"Politecnico di Milano - IRIS","2016","12","06","Politecnico di MILANO","Milano","Lombardia","IT",NA,NA,NA,NA,"https://orcid.org/client/APP-QHSUZPS3QB65R12B","APP-QHSUZPS3QB65R12B","orcid.org","2017","01","28",NA,NA,NA,NA,NA,NA,"0000-0003-0388-6321"
14604048,"DIPARTIMENTO DI ELETTRONICA, INFORMAZIONE E BIOINGEGNERIA","Collaboratori",NA,NA,NA,"0","public","/0000-0003-0388-6321/employment/14604048",2021-04-21,2021-04-21,NA,NA,NA,NA,NA,NA,NA,"Politecnico di Milano - IRIS","2015","10","05","Politecnico di MILANO","Milano","Lombardia","IT",NA,NA,NA,NA,"https://orcid.org/client/APP-QHSUZPS3QB65R12B","APP-QHSUZPS3QB65R12B","orcid.org","2015","10","18",NA,NA,NA,NA,NA,NA,"0000-0003-0388-6321"
14604045,"DIPARTIMENTO DI ELETTRONICA, INFORMAZIONE E BIOINGEGNERIA","Personale esterno ed autonomi",NA,NA,NA,"0","public","/0000-0003-0388-6321/employment/14604045",2021-04-21,2022-03-13,NA,NA,NA,NA,NA,NA,NA,"Politecnico di Milano - IRIS","2014","09","22","Politecnico di MILANO","Milano","Lombardia","IT",NA,NA,NA,NA,"https://orcid.org/client/APP-QHSUZPS3QB65R12B","APP-QHSUZPS3QB65R12B","orcid.org","2014","09","25",NA,NA,NA,NA,NA,NA,"0000-0003-0388-6321"
14604044,"DIPARTIMENTO DI ELETTRONICA, INFORMAZIONE E BIOINGEGNERIA","Assegnisti",NA,NA,NA,"0","public","/0000-0003-0388-6321/employment/14604044",2021-04-21,2022-03-13,NA,NA,NA,NA,NA,NA,NA,"Politecnico di Milano - IRIS","2014","07","05","Politecnico di MILANO","Milano","Lombardia","IT",NA,NA,NA,NA,"https://orcid.org/client/APP-QHSUZPS3QB65R12B","APP-QHSUZPS3QB65R12B","orcid.org","2014","07","09",NA,NA,NA,NA,NA,NA,"0000-0003-0388-6321"
7875942,"Department of Electronics, Information and Bioengineering","PostDoc Fellow",NA,NA,NA,"1","public","/0000-0003-4705-6733/employment/7875942",2019-05-13,2019-05-13,NA,NA,NA,NA,"https://orcid.org/0000-0003-4705-6733","0000-0003-4705-6733","orcid.org","FRANCESCA LUNARDINI","2017","04","01","Politecnico di Milano","Milano","Lombardia","IT","18981","RINGGOLD",NA,NA,NA,NA,NA,NA,NA,NA,NA,NA,NA,NA,NA,NA,"0000-0003-4705-6733"
15624682,"Decision Neuroscience and Nutrition","PostDoc",NA,NA,NA,"1","public","/0000-0001-5631-0233/employment/15624682",2021-08-25,2021-08-25,NA,NA,NA,NA,"https://orcid.org/0000-0001-5631-0233","0000-0001-5631-0233","orcid.org","A.B. Losecaat Vermeer","2020","09",NA,"German Institute of Human Nutrition","Potsdam-Rehbruecke",NA,"DE","grid.418213.d","GRID",NA,NA,NA,NA,NA,NA,NA,NA,NA,NA,NA,NA,NA,NA,"0000-0001-5631-0233"
8568507,NA,"PostDoc",NA,NA,NA,"1","public","/0000-0001-5631-0233/employment/8568507",2019-08-31,2021-08-25,NA,NA,NA,NA,"https://orcid.org/0000-0001-5631-0233","0000-0001-5631-0233","orcid.org","A.B. Losecaat Vermeer","2015","05",NA,"University of Vienna","Vienna",NA,"AT","grid.10420.37","GRID",NA,NA,NA,NA,NA,"2020","03",NA,NA,NA,NA,NA,NA,NA,"0000-0001-5631-0233"
11293497,"NeuroInformatics Lab (NILab)","Research Scientist",NA,NA,NA,"1","public","/0000-0001-7653-1519/employment/11293497",2020-05-25,2020-05-25,NA,NA,NA,NA,"https://orcid.org/0000-0001-7653-1519","0000-0001-7653-1519","orcid.org","Emanuele Olivetti","2007","01","01","Fondazione Bruno Kessler","Trento","Trentino-Alto Adige","IT","18466","RINGGOLD",NA,NA,NA,NA,NA,NA,NA,NA,NA,NA,NA,NA,NA,NA,"0000-0001-7653-1519"
9817939,"Health Sciences","Professor",NA,NA,NA,"1","public","/0000-0001-8635-8158/employment/9817939",2020-02-17,2020-02-17,NA,NA,NA,NA,"https://orcid.org/0000-0001-8635-8158","0000-0001-8635-8158","orcid.org","Tom Johnstone","2018","08","01","Swinburne University of Technology","Hawthorn","VIC","AU","3783","RINGGOLD",NA,NA,NA,NA,NA,NA,NA,NA,NA,NA,NA,NA,NA,NA,"0000-0001-8635-8158"
1115219,"Center for Neuroscience","Junior Specialist",NA,NA,NA,"0","public","/0000-0001-9813-3167/employment/1115219",2015-08-19,2015-08-19,NA,NA,NA,NA,"https://orcid.org/0000-0001-9813-3167","0000-0001-9813-3167","orcid.org","Taylor Salo","2013","06","08","University of California Davis","Sacramento","CA","US","8789","RINGGOLD",NA,NA,NA,NA,NA,"2015","07","17",NA,NA,NA,NA,NA,NA,"0000-0001-9813-3167"
15601559,"Humanities and Social Sciences","Postdoctoral Scholar",NA,NA,NA,"1","public","/0000-0002-0946-6662/employment/15601559",2021-08-22,2021-08-22,NA,NA,NA,NA,"https://orcid.org/0000-0002-0946-6662","0000-0002-0946-6662","orcid.org","Sarah M Tashjian","2020","05","01","California Institute of Technology","Pasadena","CA","US",NA,NA,NA,NA,NA,NA,NA,"2022","05","01",NA,NA,NA,"https://www.hss.caltech.edu/people/sarah-m-tashjian",NA,NA,"0000-0002-0946-6662"
1191549,"Economics","Assistant Professor",NA,NA,NA,"0","public","/0000-0002-1938-4660/employment/1191549",2015-09-21,2015-09-21,NA,NA,NA,NA,"https://orcid.org/0000-0002-1938-4660","0000-0002-1938-4660","orcid.org","Alec Smith","2015","08",NA,"Virginia Polytechnic Institute and State University","Blacksburg","VA","US","1757","RINGGOLD",NA,NA,NA,NA,NA,NA,NA,NA,NA,NA,NA,NA,NA,NA,"0000-0002-1938-4660"
12270335,"Psychiatry","Assistant Professor",NA,NA,NA,"1","public","/0000-0002-2551-8127/employment/12270335",2020-07-28,2020-07-28,NA,NA,NA,NA,"https://orcid.org/0000-0002-2551-8127","0000-0002-2551-8127","orcid.org","Timothy Koscik",NA,NA,NA,"University of Iowa","Iowa City","IA","US",NA,NA,NA,NA,NA,NA,NA,NA,NA,NA,NA,NA,NA,NA,NA,NA,"0000-0002-2551-8127"
14039780,NA,NA,NA,NA,NA,"1","public","/0000-0002-4297-591X/employment/14039780",2021-02-17,2021-02-17,NA,NA,NA,NA,"https://orcid.org/0000-0002-4297-591X","0000-0002-4297-591X","orcid.org","Jorge Moll",NA,NA,NA,"Instituto D'Or de Pesquisa e Ensino","Rio de Janeiro","Rio de Janeiro","BR","519983","RINGGOLD",NA,NA,NA,NA,NA,NA,NA,NA,NA,NA,NA,NA,NA,NA,"0000-0002-4297-591X"
3992941,"Dept. of Clinical Neurology; Clinical Trial Service Unit",NA,NA,NA,NA,"0","public","/0000-0002-4516-5103/employment/3992941",2017-06-03,2017-06-03,NA,NA,NA,NA,NA,NA,NA,"ORCID Integration at the University of Oxford",NA,NA,NA,"University of Oxford","Oxford","Oxfordshire","GB","6396","RINGGOLD",NA,NA,"https://orcid.org/client/0000-0002-4407-7742","0000-0002-4407-7742","orcid.org",NA,NA,NA,NA,NA,NA,NA,NA,NA,"0000-0002-4516-5103"
9634198,"Vision and Cognition","Postdoc",NA,NA,NA,"1","public","/0000-0002-6249-841X/employment/9634198",2020-01-25,2020-01-25,NA,NA,NA,NA,"https://orcid.org/0000-0002-6249-841X","0000-0002-6249-841X","orcid.org","Paolo Papale","2020","01","01","Netherlands Institute for Neuroscience","Amsterdam",NA,"NL","grid.419918.c","GRID",NA,NA,NA,NA,NA,NA,NA,NA,NA,NA,NA,NA,NA,NA,"0000-0002-6249-841X"
3270030,"Momilab","PhD Student",NA,NA,NA,"1","public","/0000-0002-6249-841X/employment/3270030",2017-02-23,2020-01-25,NA,NA,NA,NA,"https://orcid.org/0000-0002-6249-841X","0000-0002-6249-841X","orcid.org","Paolo Papale","2016","11","01","IMT Institute for Advanced Studies","Lucca","Toscana","IT","50121","RINGGOLD",NA,NA,NA,NA,NA,"2019","12","11",NA,NA,NA,NA,NA,NA,"0000-0002-6249-841X"
5611357,"IRISA UMR 6074, Empenn ERL U 1228","Research scientist",NA,NA,NA,"1","public","/0000-0002-6290-553X/employment/5611357",2018-03-30,2021-07-02,NA,NA,NA,NA,"https://orcid.org/0000-0002-6290-553X","0000-0002-6290-553X","orcid.org","Camille Maumet","2017","11","13","Inria, Univ Rennes, CNRS, Inserm","Rennes","Bretagne","FR","84224","RINGGOLD",NA,NA,NA,NA,NA,NA,NA,NA,NA,NA,NA,NA,NA,NA,"0000-0002-6290-553X"
1648675,"Institute of Digital Healthcare, WMG","Research Fellow",NA,NA,NA,"0","public","/0000-0002-6290-553X/employment/1648675",2016-03-13,2017-07-05,NA,NA,NA,NA,"https://orcid.org/0000-0002-6290-553X","0000-0002-6290-553X","orcid.org","Camille Maumet","2013","08",NA,"The University of Warwick","Coventry","Warwickshire","GB",NA,NA,NA,NA,NA,NA,NA,"2017","05","31",NA,NA,NA,NA,NA,NA,"0000-0002-6290-553X"
4209632,"Oxford Big Data Institute","Research Fellow",NA,NA,NA,"1","public","/0000-0002-6290-553X/employment/4209632",2017-07-05,2021-07-02,NA,NA,NA,NA,"https://orcid.org/0000-0002-6290-553X","0000-0002-6290-553X","orcid.org","Camille Maumet","2017","06","01","University of Oxford","Oxford","Oxfordshire","GB","6396","RINGGOLD",NA,NA,NA,NA,NA,"2017",NA,NA,NA,NA,NA,NA,NA,NA,"0000-0002-6290-553X"
16760495,NA,"Full Professor",NA,NA,NA,"1","public","/0000-0002-7178-9534/employment/16760495",2022-01-11,2022-01-11,NA,NA,NA,NA,"https://orcid.org/0000-0002-7178-9534","0000-0002-7178-9534","orcid.org","Emiliano Ricciardi","2021","12","01","Scuola IMT Alti Studi Lucca","Lucca","Toscana","IT","50121","RINGGOLD",NA,NA,NA,NA,NA,NA,NA,NA,NA,NA,NA,"http://www.imtlucca.it/emiliano.ricciardi",NA,NA,"0000-0002-7178-9534"
763749,"Dept. Surgical, Medical, Molecular and Critical Care Pathology","Assistant Professor",NA,NA,NA,"0","public","/0000-0002-7178-9534/employment/763749",2015-03-03,2018-09-18,NA,NA,NA,NA,"https://orcid.org/0000-0002-7178-9534","0000-0002-7178-9534","orcid.org","Emiliano Ricciardi","2006",NA,NA,"Universita degli Studi di Pisa","Pisa","Toscana","IT","9310","RINGGOLD",NA,NA,NA,NA,NA,NA,NA,NA,NA,NA,NA,NA,NA,NA,"0000-0002-7178-9534"
2392656,NA,"Associate Professor",NA,NA,NA,"1","public","/0000-0002-7178-9534/employment/2392656",2016-10-09,2022-01-11,NA,NA,NA,NA,"https://orcid.org/0000-0002-7178-9534","0000-0002-7178-9534","orcid.org","Emiliano Ricciardi","2016","09","01","IMT School for Advanced Studies Lucca","Lucca",NA,"IT",NA,NA,NA,NA,NA,NA,NA,"2021","11","30",NA,NA,NA,NA,NA,NA,"0000-0002-7178-9534"
5160169,"Laboratory Medicine","Senior Staff Fellow",NA,NA,NA,"0","public","/0000-0002-7178-9534/employment/5160169",2018-01-05,2018-09-18,NA,NA,NA,NA,"https://orcid.org/0000-0002-7178-9534","0000-0002-7178-9534","orcid.org","Emiliano Ricciardi","2010","12","01","University Hospital of Pisa","Pisa","Toscana","IT","grid.144189.1","GRID",NA,NA,NA,NA,NA,"2016","08","31",NA,NA,NA,NA,NA,NA,"0000-0002-7178-9534"
5159918,"Cognitive Brain Mapping Lab","Guest Researcher ",NA,NA,NA,"0","public","/0000-0002-7178-9534/employment/5159918",2018-01-05,2018-09-18,NA,NA,NA,NA,"https://orcid.org/0000-0002-7178-9534","0000-0002-7178-9534","orcid.org","Emiliano Ricciardi","2007",NA,NA,"RIKEN Brain Science Institute","Wako",NA,"JP","grid.474690.8","GRID",NA,NA,NA,NA,NA,"2008",NA,NA,NA,NA,NA,NA,NA,NA,"0000-0002-7178-9534"
5159913,"Research Center 'E. Piaggio'","Post-doc fellow",NA,NA,NA,"0","public","/0000-0002-7178-9534/employment/5159913",2018-01-05,2018-09-18,NA,NA,NA,NA,"https://orcid.org/0000-0002-7178-9534","0000-0002-7178-9534","orcid.org","Emiliano Ricciardi","2004",NA,NA,"University of Pisa","Pisa","Toscana","IT","grid.5395.a","GRID",NA,NA,NA,NA,NA,"2006",NA,NA,NA,NA,NA,NA,NA,NA,"0000-0002-7178-9534"
5160158,NA,"Special Volunteer ",NA,NA,NA,"0","public","/0000-0002-7178-9534/employment/5160158",2018-01-05,2018-09-18,NA,NA,NA,NA,"https://orcid.org/0000-0002-7178-9534","0000-0002-7178-9534","orcid.org","Emiliano Ricciardi","2001",NA,NA,"National Institute of Mental Health Laboratory of Brain and Cognition","Washington","DC","US","466353","RINGGOLD",NA,NA,NA,NA,NA,"2002",NA,NA,NA,NA,NA,NA,NA,NA,"0000-0002-7178-9534"
7667956,"Psychology","Lab Manager",NA,NA,NA,"1","public","/0000-0003-0557-3548/employment/7667956",2019-04-09,2019-04-09,NA,NA,NA,NA,"https://orcid.org/0000-0003-0557-3548","0000-0003-0557-3548","orcid.org","Jeffrey B Dennison","2016",NA,NA,"Rutgers University Newark","Newark","NJ","US","67206","RINGGOLD",NA,NA,NA,NA,NA,"2018",NA,NA,NA,NA,NA,NA,NA,NA,"0000-0003-0557-3548"
7103952,"Physics","Professor",NA,NA,NA,"1","public","/0000-0003-3379-8744/employment/7103952",2019-01-12,2019-01-12,NA,NA,NA,NA,"https://orcid.org/0000-0003-3379-8744","0000-0003-3379-8744","orcid.org","Angela Laird","2012","08","15","Florida International University","Miami","Florida","US",NA,NA,NA,NA,NA,NA,NA,NA,NA,NA,NA,NA,NA,"http://cismri.fiu.edu",NA,NA,"0000-0003-3379-8744"
9159481,"Bernstein Center for Computational Neuroscience","Postdoctoral Research Fellow",NA,NA,NA,"1","public","/0000-0003-4694-2493/employment/9159481",2019-11-19,2019-11-19,NA,NA,NA,NA,"https://orcid.org/0000-0003-4694-2493","0000-0003-4694-2493","orcid.org","Doris Pischedda","2019","10",NA,"Charité Universitätsmedizin Berlin","Berlin","Berlin","DE","14903","RINGGOLD",NA,NA,NA,NA,NA,NA,NA,NA,NA,NA,NA,"https://sites.google.com/view/dorispischedda/home",NA,NA,"0000-0003-4694-2493"
4863715,"Center for Mind/Brain Sciences","Postdoctoral Research Fellow",NA,NA,NA,"1","public","/0000-0003-4694-2493/employment/4863715",2017-11-03,2019-11-19,NA,NA,NA,NA,"https://orcid.org/0000-0003-4694-2493","0000-0003-4694-2493","orcid.org","Doris Pischedda","2017","02","01","University of Trento","Trento",NA,"IT",NA,NA,NA,NA,NA,NA,NA,"2019","10","31",NA,NA,NA,NA,NA,NA,"0000-0003-4694-2493"
2077813,"Economics","Postdoctoral Researcher",NA,NA,NA,"0","public","/0000-0003-4694-2493/employment/2077813",2016-07-31,2017-11-03,NA,NA,NA,NA,"https://orcid.org/0000-0003-4694-2493","0000-0003-4694-2493","orcid.org","Doris Pischedda","2016","02","01","University of Minnesota","Minneapolis","MN","US",NA,NA,NA,NA,NA,NA,NA,"2017","01","31",NA,NA,NA,NA,NA,NA,"0000-0003-4694-2493"
2077713,"Theory and Analysis of Large-Scale Brain Signal","Visiting Postdoctoral Researcher",NA,NA,NA,"0","public","/0000-0003-4694-2493/employment/2077713",2016-07-31,2017-11-03,NA,NA,NA,NA,"https://orcid.org/0000-0003-4694-2493","0000-0003-4694-2493","orcid.org","Doris Pischedda","2014","09","08","Bernstein Center for Computational Neuroscience","Berlin","Berlin","DE","216566","RINGGOLD",NA,NA,NA,NA,NA,"2017","01","31",NA,NA,NA,NA,NA,NA,"0000-0003-4694-2493"
2077718,"Psychology","Postdoctoral Research Fellow",NA,NA,NA,"0","public","/0000-0003-4694-2493/employment/2077718",2016-07-31,2016-07-31,NA,NA,NA,NA,"https://orcid.org/0000-0003-4694-2493","0000-0003-4694-2493","orcid.org","Doris Pischedda","2014","02","01","University of Milano-Bicocca","Milan",NA,"IT",NA,NA,NA,NA,NA,NA,NA,"2016","01","31",NA,NA,NA,NA,NA,NA,"0000-0003-4694-2493"
